Workout date; 2019-04-22 09:21:04 
Duration; 2693
Calories burned; 0
Mean heart rate; 116,02
Maximum heart rate; 172
Notes; PM100C

Time (seconds); Rate (beats per minute)
     0,5; 83
     1,0; 83
     1,5; 83
     2,0; 83
     2,5; 83
     3,0; 83
     3,5; 83
     4,0; 83
     4,5; 83
     5,0; 83
     5,5; 83
     6,0; 83
     6,5; 83
     7,0; 83
     7,5; 83
     8,0; 83
     8,5; 83
     9,0; 83
     9,5; 83
    10,0; 83
    10,5; 83
    11,0; 83
    11,5; 83
    12,0; 83
    12,5; 83
    13,0; 83
    13,5; 83
    14,0; 83
    14,5; 83
    15,0; 83
    15,5; 83
    16,0; 83
    16,5; 83
    17,0; 83
    17,5; 83
    18,0; 83
    18,5; 83
    19,0; 83
    19,5; 83
    20,0; 83
    20,5; 83
    35,5; 119
    36,0; 119
    36,5; 119
    37,0; 119
    37,5; 119
    38,0; 119
    38,5; 119
    39,0; 119
    39,5; 119
    40,0; 119
    40,5; 119
    41,0; 119
    41,5; 119
    42,0; 119
    42,5; 119
    43,0; 119
    43,5; 117
    44,0; 117
    44,5; 117
    45,0; 117
    45,5; 117
    46,0; 117
    46,5; 117
    47,0; 117
    47,5; 108
    48,0; 108
    48,5; 108
    49,0; 112
    49,5; 112
    50,0; 118
    50,5; 118
    51,0; 118
    51,5; 118
    52,0; 118
    52,5; 118
    53,0; 118
    53,5; 118
    54,0; 118
    54,5; 118
    55,0; 118
    55,5; 118
    56,0; 118
    56,5; 118
    57,0; 118
    57,5; 118
    58,0; 118
    58,5; 118
    59,0; 118
    59,5; 118
    60,0; 118
    60,5; 118
    61,0; 111
    61,5; 111
    62,0; 111
    62,5; 111
    63,0; 111
    63,5; 111
    64,0; 111
    64,5; 111
    65,0; 111
    65,5; 111
    66,0; 111
    66,5; 111
    67,0; 111
    67,5; 111
    68,0; 111
    68,5; 106
    69,0; 106
    69,5; 106
    70,0; 106
    70,5; 106
    71,0; 106
    71,5; 106
    72,0; 106
    72,5; 106
    73,0; 106
    73,5; 106
    74,0; 106
    74,5; 106
    75,0; 99
    75,5; 99
    76,0; 93
    76,5; 93
    77,0; 93
    77,5; 93
    78,0; 93
    78,5; 93
    79,0; 93
    79,5; 87
    80,0; 87
    80,5; 95
    81,0; 95
    81,5; 95
    82,0; 95
    82,5; 95
    83,0; 95
    83,5; 95
    84,0; 95
    84,5; 95
    85,0; 95
    85,5; 95
    86,0; 95
    86,5; 95
    87,0; 95
    87,5; 95
    88,0; 95
    88,5; 95
    89,0; 95
    89,5; 95
    90,0; 95
    95,5; 121
    96,0; 127
    96,5; 127
    97,0; 127
    97,5; 127
    98,0; 127
    98,5; 127
    99,0; 127
    99,5; 127
   100,0; 127
   100,5; 127
   101,0; 126
   101,5; 126
   102,0; 126
   102,5; 125
   103,0; 125
   103,5; 124
   104,0; 124
   104,5; 121
   105,0; 121
   105,5; 118
   106,0; 118
   106,5; 117
   107,0; 117
   107,5; 118
   108,0; 120
   108,5; 120
   109,0; 122
   109,5; 122
   110,0; 122
   110,5; 122
   111,0; 124
   111,5; 124
   112,0; 124
   112,5; 124
   113,0; 124
   113,5; 124
   114,0; 124
   114,5; 126
   115,0; 126
   115,5; 126
   116,0; 126
   116,5; 126
   117,0; 126
   117,5; 126
   118,0; 126
   118,5; 126
   119,0; 126
   119,5; 126
   124,0; 172
   124,5; 172
   125,0; 172
   125,5; 172
   126,0; 172
   126,5; 57
   127,0; 57
   127,5; 57
   128,0; 57
   128,5; 57
   129,0; 57
   129,5; 57
   130,0; 57
   130,5; 57
   131,0; 57
   131,5; 57
   132,0; 57
   132,5; 57
   133,0; 144
   133,5; 144
   134,0; 139
   134,5; 139
   135,0; 134
   135,5; 134
   136,0; 132
   136,5; 132
   137,0; 132
   137,5; 132
   138,0; 132
   138,5; 131
   139,0; 131
   139,5; 132
   140,0; 132
   140,5; 133
   141,0; 133
   141,5; 132
   142,0; 132
   142,5; 131
   143,0; 131
   143,5; 130
   144,0; 129
   144,5; 129
   145,0; 128
   145,5; 128
   146,0; 127
   146,5; 127
   147,0; 127
   147,5; 127
   148,0; 127
   148,5; 127
   149,0; 128
   149,5; 128
   150,0; 128
   150,5; 128
   151,0; 128
   151,5; 129
   152,0; 129
   152,5; 129
   153,0; 129
   153,5; 129
   154,0; 129
   154,5; 128
   155,0; 128
   155,5; 128
   156,0; 127
   156,5; 127
   157,0; 127
   157,5; 127
   158,0; 127
   158,5; 127
   159,0; 127
   159,5; 127
   160,0; 127
   160,5; 127
   161,0; 131
   161,5; 131
   162,0; 131
   162,5; 136
   163,0; 136
   163,5; 136
   164,0; 136
   164,5; 136
   165,0; 136
   165,5; 136
   166,0; 136
   166,5; 139
   167,0; 139
   167,5; 139
   168,0; 138
   168,5; 138
   169,0; 134
   169,5; 134
   170,0; 132
   170,5; 132
   171,0; 130
   171,5; 130
   172,0; 128
   172,5; 128
   173,0; 125
   173,5; 125
   174,0; 125
   174,5; 124
   175,0; 124
   175,5; 122
   176,0; 122
   176,5; 119
   177,0; 119
   177,5; 118
   178,0; 118
   178,5; 117
   179,0; 117
   179,5; 118
   180,0; 119
   180,5; 119
   181,0; 120
   181,5; 120
   182,0; 121
   182,5; 121
   183,0; 121
   183,5; 121
   184,0; 119
   184,5; 119
   185,0; 117
   185,5; 117
   186,0; 117
   186,5; 115
   187,0; 115
   187,5; 114
   188,0; 114
   188,5; 114
   189,0; 114
   189,5; 115
   190,0; 115
   190,5; 118
   191,0; 118
   191,5; 119
   192,0; 119
   192,5; 119
   193,0; 119
   193,5; 119
   194,0; 119
   194,5; 119
   195,0; 118
   195,5; 118
   196,0; 118
   196,5; 118
   197,0; 119
   197,5; 119
   198,0; 119
   198,5; 121
   199,0; 121
   199,5; 123
   200,0; 123
   200,5; 125
   201,0; 125
   201,5; 125
   202,0; 125
   202,5; 124
   203,0; 124
   203,5; 124
   204,0; 122
   204,5; 122
   205,0; 121
   205,5; 121
   206,0; 121
   206,5; 121
   207,0; 121
   207,5; 121
   208,0; 120
   208,5; 120
   209,0; 120
   209,5; 120
   210,0; 120
   210,5; 120
   211,0; 120
   211,5; 119
   212,0; 119
   212,5; 117
   213,0; 117
   213,5; 116
   214,0; 116
   214,5; 115
   215,0; 115
   215,5; 115
   216,0; 115
   216,5; 115
   217,0; 115
   217,5; 115
   218,0; 116
   218,5; 116
   219,0; 117
   219,5; 117
   220,0; 116
   220,5; 116
   221,0; 117
   221,5; 117
   222,0; 117
   222,5; 118
   223,0; 118
   223,5; 119
   224,0; 119
   224,5; 120
   225,0; 120
   225,5; 121
   226,0; 121
   226,5; 122
   227,0; 122
   227,5; 124
   228,0; 124
   228,5; 124
   229,0; 124
   229,5; 124
   230,0; 126
   230,5; 126
   231,0; 126
   231,5; 126
   232,0; 127
   232,5; 127
   233,0; 127
   233,5; 127
   234,0; 127
   234,5; 125
   235,0; 125
   235,5; 124
   236,0; 124
   236,5; 125
   237,0; 125
   237,5; 126
   238,0; 126
   238,5; 125
   239,0; 125
   239,5; 123
   240,0; 122
   240,5; 122
   241,0; 121
   241,5; 121
   242,0; 121
   242,5; 121
   243,0; 120
   243,5; 120
   244,0; 120
   244,5; 120
   245,0; 120
   245,5; 120
   246,0; 120
   246,5; 121
   247,0; 121
   247,5; 121
   248,0; 121
   248,5; 122
   249,0; 122
   249,5; 122
   250,0; 122
   250,5; 123
   251,0; 123
   251,5; 123
   252,0; 124
   252,5; 124
   253,0; 125
   253,5; 125
   254,0; 127
   254,5; 127
   255,0; 128
   255,5; 128
   256,0; 128
   256,5; 128
   257,0; 128
   257,5; 128
   258,0; 128
   258,5; 128
   259,0; 128
   259,5; 128
   260,0; 128
   260,5; 131
   261,0; 131
   261,5; 131
   262,0; 131
   262,5; 131
   263,0; 131
   263,5; 131
   264,0; 131
   264,5; 131
   265,0; 131
   265,5; 131
   266,0; 131
   266,5; 131
   267,0; 126
   267,5; 126
   268,0; 126
   268,5; 126
   269,0; 126
   269,5; 124
   270,0; 124
   270,5; 123
   271,0; 123
   271,5; 123
   272,0; 123
   272,5; 126
   273,0; 126
   273,5; 127
   274,0; 127
   274,5; 128
   275,0; 128
   275,5; 128
   276,0; 129
   276,5; 129
   277,0; 130
   277,5; 130
   278,0; 131
   278,5; 131
   279,0; 130
   279,5; 130
   280,0; 130
   280,5; 130
   281,0; 128
   281,5; 128
   282,0; 128
   282,5; 128
   283,0; 128
   283,5; 129
   284,0; 129
   284,5; 129
   285,0; 129
   285,5; 130
   286,0; 130
   286,5; 129
   287,0; 129
   287,5; 130
   288,0; 132
   288,5; 132
   289,0; 134
   289,5; 134
   290,0; 136
   290,5; 136
   291,0; 136
   291,5; 136
   292,0; 135
   292,5; 135
   293,0; 133
   293,5; 133
   294,0; 133
   294,5; 130
   295,0; 130
   295,5; 128
   296,0; 128
   296,5; 129
   297,0; 129
   297,5; 128
   298,0; 128
   298,5; 128
   299,0; 128
   299,5; 127
   300,0; 128
   300,5; 128
   301,0; 128
   301,5; 128
   302,0; 122
   302,5; 122
   303,0; 117
   303,5; 117
   304,0; 115
   304,5; 115
   305,0; 114
   305,5; 114
   306,0; 114
   306,5; 114
   307,0; 114
   307,5; 119
   308,0; 119
   308,5; 119
   309,0; 119
   309,5; 119
   310,0; 119
   310,5; 119
   311,0; 119
   311,5; 115
   312,0; 115
   312,5; 115
   313,0; 115
   313,5; 115
   314,0; 115
   314,5; 115
   315,0; 116
   315,5; 116
   316,0; 116
   316,5; 116
   317,0; 115
   317,5; 115
   318,0; 115
   318,5; 115
   319,0; 115
   319,5; 115
   320,0; 115
   320,5; 114
   321,0; 114
   321,5; 114
   322,0; 114
   322,5; 114
   323,0; 114
   323,5; 114
   324,0; 114
   324,5; 114
   325,0; 114
   325,5; 114
   326,0; 114
   326,5; 114
   327,0; 114
   327,5; 114
   328,0; 114
   328,5; 114
   329,0; 114
   329,5; 114
   330,0; 114
   330,5; 114
   331,0; 114
   331,5; 114
   332,0; 114
   332,5; 112
   333,0; 112
   333,5; 112
   334,0; 112
   334,5; 108
   335,0; 108
   335,5; 108
   336,0; 107
   336,5; 107
   337,0; 108
   337,5; 108
   338,0; 108
   338,5; 108
   339,0; 109
   339,5; 109
   340,0; 110
   340,5; 110
   341,0; 110
   341,5; 110
   342,0; 110
   342,5; 110
   343,0; 110
   343,5; 109
   344,0; 109
   344,5; 109
   345,0; 109
   345,5; 109
   346,0; 109
   346,5; 108
   347,0; 108
   347,5; 106
   348,0; 108
   348,5; 108
   349,0; 108
   349,5; 108
   350,0; 108
   350,5; 108
   351,0; 109
   351,5; 109
   352,0; 108
   352,5; 108
   353,0; 107
   353,5; 107
   354,0; 107
   354,5; 107
   355,0; 107
   355,5; 107
   356,0; 107
   356,5; 117
   357,0; 117
   357,5; 121
   358,0; 121
   358,5; 121
   359,0; 121
   359,5; 121
   360,0; 121
   360,5; 121
   361,0; 119
   361,5; 119
   362,0; 119
   362,5; 119
   363,0; 117
   363,5; 117
   364,0; 114
   364,5; 114
   365,0; 114
   365,5; 114
   366,0; 114
   366,5; 114
   367,0; 114
   367,5; 112
   368,0; 112
   368,5; 112
   369,0; 110
   369,5; 109
   370,0; 109
   370,5; 109
   371,0; 109
   371,5; 108
   372,0; 110
   372,5; 110
   373,0; 110
   373,5; 110
   374,0; 115
   374,5; 115
   375,0; 119
   375,5; 119
   376,0; 119
   376,5; 119
   377,0; 119
   377,5; 119
   378,0; 119
   378,5; 119
   379,0; 119
   379,5; 120
   380,0; 120
   380,5; 120
   381,0; 120
   381,5; 121
   382,0; 121
   382,5; 121
   383,0; 121
   383,5; 121
   384,0; 121
   384,5; 121
   385,0; 121
   385,5; 121
   386,0; 121
   386,5; 121
   387,0; 121
   387,5; 121
   388,0; 121
   388,5; 121
   389,0; 121
   389,5; 121
   390,0; 121
   390,5; 121
   391,0; 121
   391,5; 121
   392,0; 121
   392,5; 121
   393,0; 121
   393,5; 121
   394,0; 121
   394,5; 121
   395,0; 121
   395,5; 121
   396,0; 121
   396,5; 121
   397,0; 121
   397,5; 121
   398,0; 120
   398,5; 120
   399,0; 118
   399,5; 118
   400,0; 119
   400,5; 119
   401,0; 118
   401,5; 118
   402,0; 118
   402,5; 118
   403,0; 118
   403,5; 119
   404,0; 119
   404,5; 120
   405,0; 120
   405,5; 121
   406,0; 121
   406,5; 121
   407,0; 121
   407,5; 121
   408,0; 121
   408,5; 121
   409,0; 121
   409,5; 121
   410,0; 121
   410,5; 121
   411,0; 121
   411,5; 121
   412,0; 121
   412,5; 121
   413,0; 121
   413,5; 121
   414,0; 121
   414,5; 121
   415,0; 121
   415,5; 121
   416,0; 121
   416,5; 121
   417,0; 121
   417,5; 121
   418,0; 121
   418,5; 135
   419,0; 135
   419,5; 130
   420,0; 128
   420,5; 128
   421,0; 127
   421,5; 127
   422,0; 124
   422,5; 124
   423,0; 123
   423,5; 123
   424,0; 122
   424,5; 122
   425,0; 122
   425,5; 122
   426,0; 122
   426,5; 121
   427,0; 121
   427,5; 121
   428,0; 121
   428,5; 122
   429,0; 122
   429,5; 122
   430,0; 122
   430,5; 123
   431,0; 123
   431,5; 123
   432,0; 122
   432,5; 122
   433,0; 120
   433,5; 120
   434,0; 116
   434,5; 116
   435,0; 116
   435,5; 116
   436,0; 112
   436,5; 112
   437,0; 112
   437,5; 112
   438,0; 112
   438,5; 112
   439,0; 112
   439,5; 110
   440,0; 110
   440,5; 108
   441,0; 108
   441,5; 108
   442,0; 108
   442,5; 108
   443,0; 108
   443,5; 107
   444,0; 105
   444,5; 105
   445,0; 103
   445,5; 103
   446,0; 102
   446,5; 102
   447,0; 105
   447,5; 105
   448,0; 105
   448,5; 105
   449,0; 106
   449,5; 106
   450,0; 106
   450,5; 110
   451,0; 110
   451,5; 112
   452,0; 112
   452,5; 112
   453,0; 112
   453,5; 118
   454,0; 118
   454,5; 118
   455,0; 118
   455,5; 118
   456,0; 119
   456,5; 119
   457,0; 120
   457,5; 120
   458,0; 120
   458,5; 120
   459,0; 119
   459,5; 119
   460,0; 117
   460,5; 117
   461,0; 114
   461,5; 114
   462,0; 114
   462,5; 114
   463,0; 114
   463,5; 113
   464,0; 113
   464,5; 112
   465,0; 112
   465,5; 111
   466,0; 111
   466,5; 110
   467,0; 110
   467,5; 110
   468,0; 110
   468,5; 110
   469,0; 111
   469,5; 111
   470,0; 113
   470,5; 113
   471,0; 113
   471,5; 113
   472,0; 113
   472,5; 113
   473,0; 113
   473,5; 113
   474,0; 113
   474,5; 113
   475,0; 113
   475,5; 112
   476,0; 112
   476,5; 113
   477,0; 113
   477,5; 113
   478,0; 113
   478,5; 113
   479,0; 113
   479,5; 114
   480,0; 114
   480,5; 114
   481,0; 115
   481,5; 115
   482,0; 116
   482,5; 116
   483,0; 116
   483,5; 116
   484,0; 116
   484,5; 116
   485,0; 114
   485,5; 114
   486,0; 114
   486,5; 112
   487,0; 112
   487,5; 111
   488,0; 111
   488,5; 108
   489,0; 108
   489,5; 107
   490,0; 107
   490,5; 107
   491,0; 107
   491,5; 107
   492,0; 107
   492,5; 107
   493,0; 108
   493,5; 108
   494,0; 108
   494,5; 108
   495,0; 109
   495,5; 109
   496,0; 109
   496,5; 109
   497,0; 111
   497,5; 111
   498,0; 111
   498,5; 112
   499,0; 112
   499,5; 113
   500,0; 113
   500,5; 113
   501,0; 113
   501,5; 112
   502,0; 112
   502,5; 112
   503,0; 112
   503,5; 111
   504,0; 111
   504,5; 111
   505,0; 111
   505,5; 111
   506,0; 112
   506,5; 112
   507,0; 112
   507,5; 112
   508,0; 113
   508,5; 113
   509,0; 113
   509,5; 113
   510,0; 113
   510,5; 113
   511,0; 113
   511,5; 113
   512,0; 113
   512,5; 113
   513,0; 113
   513,5; 113
   514,0; 113
   514,5; 114
   515,0; 114
   515,5; 118
   516,0; 121
   516,5; 121
   517,0; 123
   517,5; 123
   518,0; 124
   518,5; 124
   519,0; 126
   519,5; 126
   520,0; 126
   520,5; 126
   521,0; 126
   521,5; 126
   522,0; 126
   522,5; 125
   523,0; 125
   523,5; 122
   524,0; 122
   524,5; 120
   525,0; 120
   525,5; 120
   526,0; 120
   526,5; 119
   527,0; 119
   527,5; 116
   528,0; 114
   528,5; 114
   529,0; 113
   529,5; 113
   530,0; 114
   530,5; 114
   531,0; 114
   531,5; 112
   532,0; 112
   532,5; 112
   533,0; 111
   533,5; 111
   534,0; 111
   534,5; 110
   535,0; 110
   535,5; 110
   536,0; 110
   536,5; 109
   537,0; 109
   537,5; 109
   538,0; 109
   538,5; 109
   539,0; 109
   539,5; 110
   540,0; 109
   540,5; 109
   541,0; 110
   541,5; 110
   542,0; 111
   542,5; 111
   543,0; 111
   543,5; 111
   544,0; 112
   544,5; 112
   545,0; 112
   545,5; 113
   546,0; 113
   546,5; 115
   547,0; 115
   547,5; 117
   548,0; 117
   548,5; 120
   549,0; 120
   549,5; 122
   550,0; 122
   550,5; 121
   551,0; 121
   551,5; 121
   552,0; 121
   552,5; 121
   553,0; 121
   553,5; 121
   554,0; 121
   554,5; 121
   555,0; 121
   555,5; 121
   556,0; 123
   556,5; 123
   557,0; 123
   557,5; 123
   558,0; 123
   558,5; 123
   559,0; 123
   559,5; 122
   560,0; 122
   560,5; 119
   561,0; 119
   561,5; 118
   562,0; 118
   562,5; 116
   563,0; 116
   563,5; 115
   564,0; 116
   564,5; 116
   565,0; 116
   565,5; 116
   566,0; 116
   566,5; 116
   567,0; 115
   567,5; 115
   568,0; 115
   568,5; 115
   569,0; 115
   569,5; 115
   570,0; 116
   570,5; 118
   571,0; 118
   571,5; 120
   572,0; 120
   572,5; 120
   573,0; 120
   573,5; 119
   574,0; 119
   574,5; 119
   575,0; 119
   575,5; 119
   576,0; 118
   576,5; 118
   577,0; 118
   577,5; 118
   578,0; 116
   578,5; 116
   579,0; 115
   579,5; 115
   580,0; 120
   580,5; 120
   581,0; 120
   581,5; 120
   582,0; 120
   582,5; 119
   583,0; 119
   583,5; 118
   584,0; 118
   584,5; 118
   585,0; 118
   585,5; 119
   586,0; 119
   586,5; 119
   587,0; 119
   587,5; 120
   588,0; 121
   588,5; 121
   589,0; 121
   589,5; 121
   590,0; 121
   590,5; 121
   591,0; 121
   591,5; 121
   592,0; 121
   592,5; 121
   593,0; 121
   593,5; 122
   594,0; 122
   594,5; 123
   595,0; 123
   595,5; 123
   596,0; 123
   596,5; 123
   597,0; 123
   597,5; 120
   598,0; 120
   598,5; 119
   599,0; 119
   599,5; 117
   600,0; 117
   600,5; 117
   601,0; 114
   601,5; 114
   602,0; 113
   602,5; 113
   603,0; 112
   603,5; 112
   604,0; 112
   604,5; 112
   605,0; 112
   605,5; 112
   606,0; 112
   606,5; 112
   607,0; 112
   607,5; 113
   608,0; 113
   608,5; 113
   609,0; 113
   609,5; 112
   610,0; 112
   610,5; 112
   611,0; 112
   611,5; 112
   612,0; 111
   612,5; 111
   613,0; 111
   613,5; 111
   614,0; 110
   614,5; 110
   615,0; 109
   615,5; 109
   616,0; 108
   616,5; 108
   617,0; 108
   617,5; 109
   618,0; 109
   618,5; 109
   619,0; 109
   619,5; 110
   620,0; 110
   620,5; 111
   621,0; 111
   621,5; 111
   622,0; 111
   622,5; 111
   623,0; 111
   623,5; 112
   624,0; 112
   624,5; 112
   625,0; 112
   625,5; 112
   626,0; 111
   626,5; 111
   627,0; 111
   627,5; 111
   628,0; 111
   628,5; 111
   629,0; 111
   629,5; 112
   630,0; 112
   630,5; 112
   631,0; 112
   631,5; 112
   632,0; 112
   632,5; 112
   633,0; 112
   633,5; 111
   634,0; 111
   634,5; 111
   635,0; 111
   635,5; 112
   636,0; 113
   636,5; 113
   637,0; 113
   637,5; 113
   638,0; 114
   638,5; 114
   639,0; 115
   639,5; 115
   640,0; 116
   640,5; 116
   641,0; 116
   641,5; 116
   642,0; 116
   642,5; 115
   643,0; 115
   643,5; 114
   644,0; 114
   644,5; 114
   645,0; 114
   645,5; 114
   646,0; 114
   646,5; 114
   647,0; 114
   647,5; 114
   648,0; 115
   648,5; 115
   649,0; 115
   649,5; 115
   650,0; 115
   650,5; 115
   651,0; 115
   651,5; 115
   652,0; 114
   652,5; 114
   653,0; 114
   653,5; 114
   654,0; 114
   654,5; 114
   655,0; 114
   655,5; 115
   656,0; 115
   656,5; 115
   657,0; 115
   657,5; 114
   658,0; 114
   658,5; 113
   659,0; 113
   659,5; 112
   660,0; 113
   660,5; 113
   661,0; 114
   661,5; 114
   662,0; 117
   662,5; 117
   663,0; 118
   663,5; 118
   664,0; 118
   664,5; 118
   665,0; 118
   665,5; 119
   666,0; 119
   666,5; 120
   667,0; 120
   667,5; 121
   668,0; 121
   668,5; 119
   669,0; 119
   669,5; 119
   670,0; 119
   670,5; 118
   671,0; 118
   671,5; 117
   672,0; 118
   672,5; 118
   673,0; 121
   673,5; 121
   674,0; 123
   674,5; 123
   675,0; 123
   675,5; 123
   676,0; 123
   676,5; 123
   677,0; 123
   677,5; 121
   678,0; 121
   678,5; 119
   679,0; 119
   679,5; 118
   680,0; 118
   680,5; 117
   681,0; 117
   681,5; 116
   682,0; 116
   682,5; 117
   683,0; 117
   683,5; 119
   684,0; 118
   684,5; 118
   685,0; 120
   685,5; 120
   686,0; 122
   686,5; 122
   687,0; 123
   687,5; 123
   688,0; 123
   688,5; 123
   689,0; 123
   689,5; 122
   690,0; 122
   690,5; 120
   691,0; 120
   691,5; 119
   692,0; 119
   692,5; 118
   693,0; 118
   693,5; 118
   694,0; 118
   694,5; 118
   695,0; 118
   695,5; 120
   696,0; 120
   696,5; 120
   697,0; 119
   697,5; 119
   698,0; 118
   698,5; 118
   699,0; 118
   699,5; 118
   700,0; 117
   700,5; 117
   701,0; 117
   701,5; 115
   702,0; 115
   702,5; 115
   703,0; 115
   703,5; 115
   704,0; 115
   704,5; 115
   705,0; 115
   705,5; 116
   706,0; 116
   706,5; 118
   707,0; 118
   707,5; 119
   708,0; 122
   708,5; 122
   709,0; 123
   709,5; 123
   710,0; 123
   710,5; 123
   711,0; 121
   711,5; 121
   712,0; 118
   712,5; 118
   713,0; 118
   713,5; 116
   714,0; 116
   714,5; 115
   715,0; 115
   715,5; 115
   716,0; 115
   716,5; 115
   717,0; 115
   717,5; 116
   718,0; 116
   718,5; 117
   719,0; 117
   719,5; 118
   720,0; 118
   720,5; 118
   721,0; 118
   721,5; 118
   722,0; 118
   722,5; 118
   723,0; 118
   723,5; 118
   724,0; 117
   724,5; 117
   725,0; 117
   725,5; 117
   726,0; 117
   726,5; 118
   727,0; 118
   727,5; 118
   728,0; 118
   728,5; 119
   729,0; 119
   729,5; 119
   730,0; 119
   730,5; 119
   731,0; 119
   731,5; 119
   732,0; 120
   732,5; 120
   733,0; 118
   733,5; 118
   734,0; 117
   734,5; 117
   735,0; 118
   735,5; 118
   736,0; 118
   736,5; 118
   737,0; 118
   737,5; 118
   738,0; 118
   738,5; 119
   739,0; 119
   739,5; 119
   740,0; 119
   740,5; 118
   741,0; 118
   741,5; 117
   742,0; 117
   742,5; 116
   743,0; 116
   743,5; 115
   744,0; 114
   744,5; 114
   745,0; 111
   745,5; 111
   746,0; 109
   746,5; 109
   747,0; 108
   747,5; 108
   748,0; 107
   748,5; 107
   749,0; 107
   749,5; 105
   750,0; 105
   750,5; 106
   751,0; 106
   751,5; 106
   752,0; 106
   752,5; 108
   753,0; 108
   753,5; 110
   754,0; 110
   754,5; 111
   755,0; 111
   755,5; 110
   756,0; 109
   756,5; 109
   757,0; 110
   757,5; 110
   758,0; 111
   758,5; 111
   759,0; 113
   759,5; 113
   760,0; 114
   760,5; 114
   761,0; 114
   761,5; 114
   762,0; 114
   762,5; 113
   763,0; 113
   763,5; 113
   764,0; 113
   764,5; 113
   765,0; 113
   765,5; 113
   766,0; 113
   766,5; 114
   767,0; 114
   767,5; 114
   768,0; 115
   768,5; 115
   769,0; 116
   769,5; 116
   770,0; 117
   770,5; 117
   771,0; 119
   771,5; 119
   772,0; 119
   772,5; 119
   773,0; 119
   773,5; 119
   774,0; 119
   774,5; 118
   775,0; 118
   775,5; 117
   776,0; 117
   776,5; 116
   777,0; 116
   777,5; 116
   778,0; 116
   778,5; 116
   779,0; 116
   779,5; 116
   780,0; 117
   780,5; 117
   781,0; 118
   781,5; 118
   782,0; 118
   782,5; 118
   783,0; 119
   783,5; 119
   784,0; 122
   784,5; 122
   785,0; 122
   785,5; 123
   786,0; 123
   786,5; 123
   787,0; 123
   787,5; 122
   788,0; 122
   788,5; 121
   789,0; 121
   789,5; 120
   790,0; 120
   790,5; 120
   791,0; 120
   791,5; 120
   792,0; 119
   792,5; 119
   793,0; 119
   793,5; 119
   794,0; 118
   794,5; 118
   795,0; 119
   795,5; 119
   796,0; 119
   796,5; 119
   797,0; 119
   797,5; 119
   798,0; 119
   798,5; 119
   799,0; 119
   799,5; 120
   800,0; 120
   800,5; 120
   801,0; 120
   801,5; 119
   802,0; 119
   802,5; 118
   803,0; 118
   803,5; 119
   804,0; 119
   804,5; 119
   805,0; 120
   805,5; 120
   806,0; 122
   806,5; 122
   807,0; 123
   807,5; 123
   808,0; 124
   808,5; 124
   809,0; 124
   809,5; 125
   810,0; 125
   810,5; 127
   811,0; 127
   811,5; 127
   812,0; 127
   812,5; 128
   813,0; 128
   813,5; 127
   814,0; 127
   814,5; 125
   815,0; 125
   815,5; 125
   816,0; 124
   816,5; 124
   817,0; 123
   817,5; 123
   818,0; 121
   818,5; 121
   819,0; 120
   819,5; 120
   820,0; 120
   820,5; 120
   821,0; 120
   821,5; 122
   822,0; 122
   822,5; 124
   823,0; 124
   823,5; 125
   824,0; 125
   824,5; 124
   825,0; 124
   825,5; 123
   826,0; 123
   826,5; 122
   827,0; 122
   827,5; 122
   828,0; 122
   828,5; 122
   829,0; 122
   829,5; 122
   830,0; 121
   830,5; 121
   831,0; 122
   831,5; 122
   832,0; 120
   832,5; 120
   833,0; 120
   833,5; 119
   834,0; 119
   834,5; 118
   835,0; 118
   835,5; 118
   836,0; 118
   836,5; 117
   837,0; 117
   837,5; 117
   838,0; 117
   838,5; 117
   839,0; 117
   839,5; 115
   840,0; 114
   840,5; 114
   841,0; 114
   841,5; 114
   842,0; 114
   842,5; 114
   843,0; 114
   843,5; 114
   844,0; 115
   844,5; 115
   845,0; 115
   845,5; 115
   846,0; 115
   846,5; 115
   847,0; 115
   847,5; 114
   848,0; 114
   848,5; 113
   849,0; 113
   849,5; 113
   850,0; 113
   850,5; 113
   851,0; 113
   851,5; 114
   852,0; 115
   852,5; 115
   853,0; 117
   853,5; 117
   854,0; 119
   854,5; 119
   855,0; 119
   855,5; 119
   856,0; 117
   856,5; 117
   857,0; 117
   857,5; 116
   858,0; 116
   858,5; 116
   859,0; 116
   859,5; 117
   860,0; 117
   860,5; 118
   861,0; 118
   861,5; 119
   862,0; 119
   862,5; 119
   863,0; 119
   863,5; 118
   864,0; 118
   864,5; 118
   865,0; 118
   865,5; 118
   866,0; 118
   866,5; 118
   867,0; 119
   867,5; 119
   868,0; 120
   868,5; 120
   869,0; 120
   869,5; 120
   870,0; 120
   870,5; 120
   871,0; 120
   871,5; 120
   872,0; 120
   872,5; 120
   873,0; 120
   873,5; 119
   874,0; 119
   874,5; 118
   875,0; 118
   875,5; 118
   876,0; 118
   876,5; 118
   877,0; 117
   877,5; 117
   878,0; 118
   878,5; 118
   879,0; 118
   879,5; 118
   880,0; 119
   880,5; 119
   881,0; 119
   881,5; 119
   882,0; 119
   882,5; 120
   883,0; 120
   883,5; 121
   884,0; 121
   884,5; 121
   885,0; 121
   885,5; 121
   886,0; 121
   886,5; 121
   887,0; 121
   887,5; 121
   888,0; 121
   888,5; 121
   889,0; 120
   889,5; 120
   890,0; 120
   890,5; 120
   891,0; 120
   891,5; 120
   892,0; 120
   892,5; 120
   893,0; 120
   893,5; 120
   894,0; 120
   894,5; 121
   895,0; 121
   895,5; 121
   896,0; 121
   896,5; 122
   897,0; 122
   897,5; 122
   898,0; 122
   898,5; 121
   899,0; 121
   899,5; 120
   900,0; 121
   900,5; 121
   901,0; 122
   901,5; 122
   902,0; 123
   902,5; 123
   903,0; 124
   903,5; 124
   904,0; 124
   904,5; 124
   905,0; 124
   905,5; 123
   906,0; 123
   906,5; 122
   907,0; 122
   907,5; 120
   908,0; 120
   908,5; 118
   909,0; 118
   909,5; 117
   910,0; 117
   910,5; 116
   911,0; 116
   911,5; 116
   912,0; 115
   912,5; 115
   913,0; 116
   913,5; 116
   914,0; 116
   914,5; 116
   915,0; 116
   915,5; 116
   916,0; 116
   916,5; 116
   917,0; 116
   917,5; 116
   918,0; 116
   918,5; 114
   919,0; 114
   919,5; 113
   920,0; 113
   920,5; 111
   921,0; 111
   921,5; 111
   922,0; 111
   922,5; 112
   923,0; 112
   923,5; 113
   924,0; 114
   924,5; 114
   925,0; 115
   925,5; 115
   926,0; 116
   926,5; 116
   927,0; 117
   927,5; 117
   928,0; 117
   928,5; 117
   929,0; 117
   929,5; 117
   930,0; 117
   930,5; 118
   931,0; 118
   931,5; 118
   932,0; 118
   932,5; 118
   933,0; 118
   933,5; 117
   934,0; 117
   934,5; 116
   935,0; 116
   935,5; 115
   936,0; 115
   936,5; 115
   937,0; 116
   937,5; 116
   938,0; 115
   938,5; 115
   939,0; 114
   939,5; 114
   940,0; 115
   940,5; 115
   941,0; 115
   941,5; 116
   942,0; 116
   942,5; 116
   943,0; 116
   943,5; 118
   944,0; 118
   944,5; 119
   945,0; 119
   945,5; 121
   946,0; 121
   946,5; 121
   947,0; 121
   947,5; 121
   948,0; 121
   948,5; 121
   949,0; 121
   949,5; 121
   950,0; 120
   950,5; 120
   951,0; 121
   951,5; 121
   952,0; 122
   952,5; 122
   953,0; 122
   953,5; 124
   954,0; 124
   954,5; 126
   955,0; 126
   955,5; 127
   956,0; 127
   956,5; 127
   957,0; 127
   957,5; 127
   958,0; 127
   958,5; 126
   959,0; 126
   959,5; 125
   960,0; 123
   960,5; 123
   961,0; 120
   961,5; 120
   962,0; 119
   962,5; 119
   963,0; 119
   963,5; 117
   964,0; 114
   964,5; 114
   965,0; 114
   965,5; 114
   966,0; 114
   966,5; 115
   967,0; 115
   967,5; 118
   968,0; 118
   968,5; 120
   969,0; 120
   969,5; 122
   970,0; 122
   970,5; 124
   971,0; 124
   971,5; 123
   972,0; 124
   972,5; 124
   973,0; 125
   973,5; 125
   974,0; 127
   974,5; 127
   975,0; 127
   975,5; 127
   976,0; 127
   976,5; 127
   977,0; 127
   977,5; 126
   978,0; 126
   978,5; 126
   979,0; 126
   979,5; 126
   980,0; 126
   980,5; 124
   981,0; 124
   981,5; 120
   982,0; 120
   982,5; 117
   983,0; 117
   983,5; 117
   984,0; 117
   984,5; 117
   985,0; 118
   985,5; 118
   986,0; 117
   986,5; 117
   987,0; 116
   987,5; 116
   988,0; 114
   988,5; 114
   989,0; 114
   989,5; 114
   990,0; 114
   990,5; 114
   991,0; 114
   991,5; 116
   992,0; 116
   992,5; 116
   993,0; 116
   993,5; 117
   994,0; 117
   994,5; 117
   995,0; 117
   995,5; 118
   996,0; 119
   996,5; 119
   997,0; 118
   997,5; 118
   998,0; 118
   998,5; 118
   999,0; 118
   999,5; 118
  1000,0; 117
  1000,5; 117
  1001,0; 117
  1001,5; 116
  1002,0; 116
  1002,5; 117
  1003,0; 117
  1003,5; 117
  1004,0; 117
  1004,5; 118
  1005,0; 118
  1005,5; 119
  1006,0; 119
  1006,5; 119
  1007,0; 119
  1007,5; 119
  1008,0; 119
  1008,5; 119
  1009,0; 120
  1009,5; 120
  1010,0; 119
  1010,5; 119
  1011,0; 118
  1011,5; 118
  1012,0; 118
  1012,5; 118
  1013,0; 118
  1013,5; 119
  1014,0; 119
  1014,5; 120
  1015,0; 120
  1015,5; 119
  1016,0; 119
  1016,5; 120
  1017,0; 120
  1017,5; 121
  1018,0; 121
  1018,5; 120
  1019,0; 120
  1019,5; 119
  1020,0; 119
  1020,5; 119
  1021,0; 120
  1021,5; 120
  1022,0; 119
  1022,5; 119
  1023,0; 119
  1023,5; 119
  1024,0; 119
  1024,5; 119
  1025,0; 119
  1025,5; 120
  1026,0; 120
  1026,5; 120
  1027,0; 120
  1027,5; 119
  1028,0; 119
  1028,5; 118
  1029,0; 118
  1029,5; 117
  1030,0; 117
  1030,5; 116
  1031,0; 116
  1031,5; 116
  1032,0; 115
  1032,5; 115
  1033,0; 116
  1033,5; 116
  1034,0; 116
  1034,5; 116
  1035,0; 117
  1035,5; 117
  1036,0; 119
  1036,5; 119
  1037,0; 119
  1037,5; 119
  1038,0; 119
  1038,5; 119
  1039,0; 119
  1039,5; 119
  1040,0; 119
  1040,5; 119
  1041,0; 119
  1041,5; 118
  1042,0; 118
  1042,5; 118
  1043,0; 118
  1043,5; 118
  1044,0; 115
  1044,5; 115
  1045,0; 116
  1045,5; 116
  1046,0; 118
  1046,5; 118
  1047,0; 118
  1047,5; 120
  1048,0; 120
  1048,5; 120
  1049,0; 120
  1049,5; 119
  1050,0; 119
  1050,5; 119
  1051,0; 119
  1051,5; 119
  1052,0; 119
  1052,5; 118
  1053,0; 118
  1053,5; 118
  1054,0; 118
  1054,5; 118
  1055,0; 118
  1055,5; 117
  1056,0; 118
  1056,5; 118
  1057,0; 119
  1057,5; 119
  1058,0; 119
  1058,5; 119
  1059,0; 118
  1059,5; 118
  1060,0; 117
  1060,5; 117
  1061,0; 117
  1061,5; 116
  1062,0; 116
  1062,5; 115
  1063,0; 115
  1063,5; 115
  1064,0; 114
  1064,5; 113
  1065,0; 113
  1065,5; 113
  1066,0; 113
  1066,5; 114
  1067,0; 114
  1067,5; 115
  1068,0; 115
  1068,5; 115
  1069,0; 116
  1069,5; 116
  1070,0; 116
  1070,5; 116
  1071,0; 115
  1071,5; 115
  1072,0; 115
  1072,5; 115
  1073,0; 115
  1073,5; 115
  1074,0; 115
  1074,5; 115
  1075,0; 115
  1075,5; 115
  1076,0; 115
  1076,5; 114
  1077,0; 114
  1077,5; 113
  1078,0; 113
  1078,5; 114
  1079,0; 114
  1079,5; 113
  1080,0; 114
  1080,5; 114
  1081,0; 115
  1081,5; 115
  1082,0; 116
  1082,5; 116
  1083,0; 117
  1083,5; 117
  1084,0; 117
  1084,5; 117
  1085,0; 117
  1085,5; 117
  1086,0; 117
  1086,5; 118
  1087,0; 118
  1087,5; 118
  1088,0; 118
  1088,5; 119
  1089,0; 119
  1089,5; 118
  1090,0; 118
  1090,5; 117
  1091,0; 117
  1091,5; 117
  1092,0; 117
  1092,5; 117
  1093,0; 117
  1093,5; 117
  1094,0; 117
  1094,5; 117
  1095,0; 117
  1095,5; 117
  1096,0; 117
  1096,5; 117
  1097,0; 117
  1097,5; 116
  1098,0; 116
  1098,5; 115
  1099,0; 115
  1099,5; 114
  1100,0; 114
  1100,5; 114
  1101,0; 114
  1101,5; 114
  1102,0; 114
  1102,5; 114
  1103,0; 114
  1103,5; 115
  1104,0; 116
  1104,5; 116
  1105,0; 117
  1105,5; 117
  1106,0; 117
  1106,5; 117
  1107,0; 118
  1107,5; 118
  1108,0; 117
  1108,5; 117
  1109,0; 117
  1109,5; 118
  1110,0; 118
  1110,5; 118
  1111,0; 118
  1111,5; 118
  1112,0; 118
  1112,5; 117
  1113,0; 117
  1113,5; 117
  1114,0; 117
  1114,5; 117
  1115,0; 117
  1115,5; 117
  1116,0; 116
  1116,5; 116
  1117,0; 116
  1117,5; 116
  1118,0; 116
  1118,5; 116
  1119,0; 115
  1119,5; 115
  1120,0; 115
  1120,5; 115
  1121,0; 115
  1121,5; 115
  1122,0; 115
  1122,5; 115
  1123,0; 115
  1123,5; 117
  1124,0; 117
  1124,5; 119
  1125,0; 119
  1125,5; 120
  1126,0; 120
  1126,5; 121
  1127,0; 121
  1127,5; 122
  1128,0; 122
  1128,5; 122
  1129,0; 121
  1129,5; 121
  1130,0; 120
  1130,5; 120
  1131,0; 119
  1131,5; 119
  1132,0; 118
  1132,5; 118
  1133,0; 118
  1133,5; 119
  1134,0; 119
  1134,5; 119
  1135,0; 119
  1135,5; 119
  1136,0; 119
  1136,5; 118
  1137,0; 118
  1137,5; 118
  1138,0; 118
  1138,5; 116
  1139,0; 116
  1139,5; 116
  1140,0; 116
  1140,5; 115
  1141,0; 113
  1141,5; 113
  1142,0; 112
  1142,5; 112
  1143,0; 111
  1143,5; 111
  1144,0; 112
  1144,5; 112
  1145,0; 112
  1145,5; 112
  1146,0; 112
  1146,5; 113
  1147,0; 113
  1147,5; 114
  1148,0; 114
  1148,5; 114
  1149,0; 114
  1149,5; 114
  1150,0; 114
  1150,5; 115
  1151,0; 115
  1151,5; 115
  1152,0; 115
  1152,5; 115
  1153,0; 115
  1153,5; 115
  1154,0; 115
  1154,5; 115
  1155,0; 116
  1155,5; 116
  1156,0; 117
  1156,5; 117
  1157,0; 117
  1157,5; 117
  1158,0; 117
  1158,5; 117
  1159,0; 117
  1159,5; 116
  1160,0; 116
  1160,5; 115
  1161,0; 115
  1161,5; 114
  1162,0; 114
  1162,5; 114
  1163,0; 114
  1163,5; 114
  1164,0; 113
  1164,5; 113
  1165,0; 113
  1165,5; 113
  1166,0; 112
  1166,5; 112
  1167,0; 113
  1167,5; 113
  1168,0; 113
  1168,5; 113
  1169,0; 113
  1169,5; 115
  1170,0; 115
  1170,5; 115
  1171,0; 115
  1171,5; 116
  1172,0; 116
  1172,5; 117
  1173,0; 117
  1173,5; 117
  1174,0; 117
  1174,5; 118
  1175,0; 118
  1175,5; 118
  1176,0; 118
  1176,5; 118
  1177,0; 118
  1177,5; 118
  1178,0; 118
  1178,5; 118
  1179,0; 118
  1179,5; 118
  1180,0; 119
  1180,5; 119
  1181,0; 119
  1181,5; 119
  1182,0; 119
  1182,5; 119
  1183,0; 119
  1183,5; 120
  1184,0; 120
  1184,5; 122
  1185,0; 122
  1185,5; 121
  1186,0; 121
  1186,5; 119
  1187,0; 119
  1187,5; 117
  1188,0; 117
  1188,5; 114
  1189,0; 113
  1189,5; 113
  1190,0; 113
  1190,5; 113
  1191,0; 114
  1191,5; 114
  1192,0; 114
  1192,5; 114
  1193,0; 114
  1193,5; 114
  1194,0; 114
  1194,5; 113
  1195,0; 113
  1195,5; 113
  1196,0; 113
  1196,5; 112
  1197,0; 112
  1197,5; 111
  1198,0; 111
  1198,5; 110
  1199,0; 110
  1199,5; 111
  1200,0; 111
  1200,5; 112
  1201,0; 112
  1201,5; 112
  1202,0; 112
  1202,5; 112
  1203,0; 111
  1203,5; 111
  1204,0; 111
  1204,5; 111
  1205,0; 111
  1205,5; 111
  1206,0; 111
  1206,5; 112
  1207,0; 112
  1207,5; 113
  1208,0; 113
  1208,5; 114
  1209,0; 114
  1209,5; 115
  1210,0; 115
  1210,5; 114
  1211,0; 114
  1211,5; 114
  1212,0; 114
  1212,5; 114
  1213,0; 114
  1213,5; 114
  1214,0; 115
  1214,5; 115
  1215,0; 115
  1215,5; 115
  1216,0; 115
  1216,5; 115
  1217,0; 115
  1217,5; 115
  1218,0; 115
  1218,5; 115
  1219,0; 115
  1219,5; 117
  1220,0; 117
  1220,5; 117
  1221,0; 117
  1221,5; 116
  1222,0; 116
  1222,5; 115
  1223,0; 115
  1223,5; 114
  1224,0; 114
  1224,5; 113
  1225,0; 111
  1225,5; 111
  1226,0; 110
  1226,5; 110
  1227,0; 109
  1227,5; 109
  1228,0; 109
  1228,5; 109
  1229,0; 109
  1229,5; 110
  1230,0; 110
  1230,5; 110
  1231,0; 110
  1231,5; 110
  1232,0; 110
  1232,5; 111
  1233,0; 111
  1233,5; 111
  1234,0; 111
  1234,5; 113
  1235,0; 113
  1235,5; 116
  1236,0; 116
  1236,5; 118
  1237,0; 118
  1237,5; 118
  1238,0; 120
  1238,5; 120
  1239,0; 121
  1239,5; 121
  1240,0; 122
  1240,5; 122
  1241,0; 122
  1241,5; 122
  1242,0; 122
  1242,5; 122
  1243,0; 122
  1243,5; 122
  1244,0; 122
  1244,5; 122
  1245,0; 122
  1245,5; 123
  1246,0; 123
  1246,5; 123
  1247,0; 123
  1247,5; 124
  1248,0; 124
  1248,5; 126
  1249,0; 125
  1249,5; 125
  1250,0; 124
  1250,5; 124
  1251,0; 124
  1251,5; 124
  1252,0; 124
  1252,5; 124
  1253,0; 124
  1253,5; 122
  1254,0; 122
  1254,5; 120
  1255,0; 120
  1255,5; 118
  1256,0; 118
  1256,5; 118
  1257,0; 118
  1257,5; 117
  1258,0; 117
  1258,5; 118
  1259,0; 118
  1259,5; 118
  1260,0; 118
  1260,5; 117
  1261,0; 116
  1261,5; 116
  1262,0; 116
  1262,5; 116
  1263,0; 116
  1263,5; 116
  1264,0; 116
  1264,5; 116
  1265,0; 116
  1265,5; 116
  1266,0; 116
  1266,5; 116
  1267,0; 116
  1267,5; 116
  1268,0; 116
  1268,5; 118
  1269,0; 118
  1269,5; 119
  1270,0; 119
  1270,5; 120
  1271,0; 120
  1271,5; 122
  1272,0; 122
  1272,5; 123
  1273,0; 121
  1273,5; 121
  1274,0; 120
  1274,5; 120
  1275,0; 119
  1275,5; 119
  1276,0; 120
  1276,5; 120
  1277,0; 120
  1277,5; 122
  1278,0; 122
  1278,5; 124
  1279,0; 124
  1279,5; 124
  1280,0; 124
  1280,5; 124
  1281,0; 124
  1281,5; 122
  1282,0; 122
  1282,5; 119
  1283,0; 119
  1283,5; 117
  1284,0; 117
  1284,5; 116
  1285,0; 115
  1285,5; 115
  1286,0; 115
  1286,5; 115
  1287,0; 114
  1287,5; 114
  1288,0; 114
  1288,5; 114
  1289,0; 114
  1289,5; 114
  1290,0; 114
  1290,5; 114
  1291,0; 114
  1291,5; 114
  1292,0; 114
  1292,5; 114
  1293,0; 114
  1293,5; 115
  1294,0; 115
  1294,5; 115
  1295,0; 115
  1295,5; 114
  1296,0; 114
  1296,5; 114
  1297,0; 113
  1297,5; 113
  1298,0; 112
  1298,5; 112
  1299,0; 112
  1299,5; 112
  1300,0; 112
  1300,5; 112
  1301,0; 112
  1301,5; 114
  1302,0; 114
  1302,5; 115
  1303,0; 115
  1303,5; 116
  1304,0; 116
  1304,5; 114
  1305,0; 114
  1305,5; 112
  1306,0; 112
  1306,5; 111
  1307,0; 111
  1307,5; 111
  1308,0; 111
  1308,5; 112
  1309,0; 112
  1309,5; 112
  1310,0; 112
  1310,5; 112
  1311,0; 113
  1311,5; 113
  1312,0; 113
  1312,5; 113
  1313,0; 113
  1313,5; 113
  1314,0; 113
  1314,5; 115
  1315,0; 115
  1315,5; 118
  1316,0; 118
  1316,5; 120
  1317,0; 120
  1317,5; 119
  1318,0; 119
  1318,5; 119
  1319,0; 119
  1319,5; 119
  1320,0; 119
  1320,5; 114
  1321,0; 112
  1321,5; 112
  1322,0; 108
  1322,5; 108
  1323,0; 105
  1323,5; 105
  1324,0; 105
  1324,5; 105
  1325,0; 105
  1325,5; 106
  1326,0; 106
  1326,5; 106
  1327,0; 106
  1327,5; 107
  1328,0; 107
  1328,5; 108
  1329,0; 108
  1329,5; 109
  1330,0; 109
  1330,5; 110
  1331,0; 110
  1331,5; 111
  1332,0; 111
  1332,5; 111
  1333,0; 112
  1333,5; 112
  1334,0; 112
  1334,5; 112
  1335,0; 113
  1335,5; 113
  1336,0; 113
  1336,5; 113
  1337,0; 113
  1337,5; 113
  1338,0; 113
  1338,5; 111
  1339,0; 111
  1339,5; 111
  1340,0; 111
  1340,5; 111
  1341,0; 111
  1341,5; 111
  1342,0; 111
  1342,5; 111
  1343,0; 111
  1343,5; 112
  1344,0; 112
  1344,5; 114
  1345,0; 115
  1345,5; 115
  1346,0; 115
  1346,5; 115
  1347,0; 114
  1347,5; 114
  1348,0; 114
  1348,5; 114
  1349,0; 114
  1349,5; 113
  1350,0; 113
  1350,5; 113
  1351,0; 113
  1351,5; 112
  1352,0; 112
  1352,5; 112
  1353,0; 112
  1353,5; 112
  1354,0; 112
  1354,5; 114
  1355,0; 114
  1355,5; 115
  1356,0; 115
  1356,5; 117
  1357,0; 117
  1357,5; 117
  1358,0; 117
  1358,5; 117
  1359,0; 116
  1359,5; 116
  1360,0; 115
  1360,5; 115
  1361,0; 115
  1361,5; 113
  1362,0; 113
  1362,5; 111
  1363,0; 111
  1363,5; 111
  1364,0; 111
  1364,5; 112
  1365,0; 112
  1365,5; 112
  1366,0; 112
  1366,5; 112
  1367,0; 112
  1367,5; 112
  1368,0; 112
  1368,5; 113
  1369,0; 114
  1369,5; 114
  1370,0; 115
  1370,5; 115
  1371,0; 113
  1371,5; 113
  1372,0; 113
  1372,5; 113
  1373,0; 113
  1373,5; 114
  1374,0; 114
  1374,5; 116
  1375,0; 116
  1375,5; 118
  1376,0; 118
  1376,5; 120
  1377,0; 120
  1377,5; 121
  1378,0; 121
  1378,5; 120
  1379,0; 120
  1379,5; 118
  1380,0; 118
  1380,5; 117
  1381,0; 115
  1381,5; 115
  1382,0; 114
  1382,5; 114
  1383,0; 114
  1383,5; 114
  1384,0; 112
  1384,5; 112
  1385,0; 112
  1385,5; 110
  1386,0; 110
  1386,5; 110
  1387,0; 110
  1387,5; 110
  1388,0; 110
  1388,5; 109
  1389,0; 109
  1389,5; 109
  1390,0; 109
  1390,5; 109
  1391,0; 109
  1391,5; 109
  1392,0; 109
  1392,5; 109
  1393,0; 109
  1393,5; 109
  1394,0; 110
  1394,5; 110
  1395,0; 110
  1395,5; 110
  1396,0; 110
  1396,5; 110
  1397,0; 110
  1397,5; 111
  1398,0; 111
  1398,5; 112
  1399,0; 112
  1399,5; 114
  1400,0; 114
  1400,5; 115
  1401,0; 115
  1401,5; 114
  1402,0; 114
  1402,5; 115
  1403,0; 115
  1403,5; 114
  1404,0; 114
  1404,5; 114
  1405,0; 113
  1405,5; 113
  1406,0; 114
  1406,5; 114
  1407,0; 113
  1407,5; 113
  1408,0; 113
  1408,5; 113
  1409,0; 113
  1409,5; 115
  1410,0; 115
  1410,5; 116
  1411,0; 116
  1411,5; 115
  1412,0; 115
  1412,5; 115
  1413,0; 115
  1413,5; 114
  1414,0; 114
  1414,5; 114
  1415,0; 114
  1415,5; 113
  1416,0; 113
  1416,5; 110
  1417,0; 110
  1417,5; 110
  1418,0; 111
  1418,5; 111
  1419,0; 112
  1419,5; 112
  1420,0; 113
  1420,5; 113
  1421,0; 113
  1421,5; 112
  1422,0; 112
  1422,5; 112
  1423,0; 112
  1423,5; 112
  1424,0; 112
  1424,5; 113
  1425,0; 113
  1425,5; 113
  1426,0; 113
  1426,5; 114
  1427,0; 114
  1427,5; 114
  1428,0; 114
  1428,5; 115
  1429,0; 115
  1429,5; 115
  1430,0; 116
  1430,5; 116
  1431,0; 116
  1431,5; 116
  1432,0; 116
  1432,5; 115
  1433,0; 115
  1433,5; 115
  1434,0; 115
  1434,5; 115
  1435,0; 115
  1435,5; 115
  1436,0; 115
  1436,5; 114
  1437,0; 114
  1437,5; 114
  1438,0; 114
  1438,5; 115
  1439,0; 115
  1439,5; 115
  1440,0; 115
  1440,5; 115
  1441,0; 115
  1441,5; 115
  1442,0; 117
  1442,5; 117
  1443,0; 117
  1443,5; 117
  1444,0; 117
  1444,5; 117
  1445,0; 117
  1445,5; 116
  1446,0; 116
  1446,5; 113
  1447,0; 113
  1447,5; 112
  1448,0; 112
  1448,5; 112
  1449,0; 112
  1449,5; 112
  1450,0; 112
  1450,5; 111
  1451,0; 111
  1451,5; 111
  1452,0; 111
  1452,5; 112
  1453,0; 113
  1453,5; 113
  1454,0; 112
  1454,5; 112
  1455,0; 111
  1455,5; 111
  1456,0; 111
  1456,5; 112
  1457,0; 112
  1457,5; 112
  1458,0; 112
  1458,5; 114
  1459,0; 114
  1459,5; 115
  1460,0; 115
  1460,5; 116
  1461,0; 116
  1461,5; 117
  1462,0; 117
  1462,5; 116
  1463,0; 116
  1463,5; 116
  1464,0; 116
  1464,5; 116
  1465,0; 115
  1465,5; 115
  1466,0; 115
  1466,5; 115
  1467,0; 116
  1467,5; 116
  1468,0; 116
  1468,5; 118
  1469,0; 118
  1469,5; 120
  1470,0; 120
  1470,5; 122
  1471,0; 122
  1471,5; 123
  1472,0; 123
  1472,5; 126
  1473,0; 126
  1473,5; 128
  1474,0; 128
  1474,5; 130
  1475,0; 130
  1475,5; 131
  1476,0; 131
  1476,5; 130
  1477,0; 129
  1477,5; 129
  1478,0; 129
  1478,5; 129
  1479,0; 129
  1479,5; 129
  1480,0; 129
  1480,5; 126
  1481,0; 126
  1481,5; 125
  1482,0; 125
  1482,5; 130
  1483,0; 130
  1483,5; 130
  1484,0; 130
  1484,5; 130
  1485,0; 130
  1485,5; 130
  1486,0; 130
  1486,5; 130
  1487,0; 130
  1487,5; 130
  1488,0; 130
  1488,5; 129
  1489,0; 127
  1489,5; 127
  1490,0; 126
  1490,5; 126
  1491,0; 125
  1491,5; 125
  1492,0; 125
  1492,5; 124
  1493,0; 124
  1493,5; 124
  1494,0; 124
  1494,5; 123
  1495,0; 123
  1495,5; 121
  1496,0; 121
  1496,5; 120
  1497,0; 120
  1497,5; 117
  1498,0; 117
  1498,5; 115
  1499,0; 115
  1499,5; 115
  1500,0; 115
  1500,5; 116
  1501,0; 116
  1501,5; 116
  1502,0; 116
  1502,5; 116
  1503,0; 118
  1503,5; 118
  1504,0; 118
  1504,5; 119
  1505,0; 119
  1505,5; 120
  1506,0; 120
  1506,5; 118
  1507,0; 118
  1507,5; 118
  1508,0; 118
  1508,5; 119
  1509,0; 119
  1509,5; 120
  1510,0; 120
  1510,5; 120
  1511,0; 120
  1511,5; 120
  1512,0; 120
  1512,5; 119
  1513,0; 118
  1513,5; 118
  1514,0; 119
  1514,5; 119
  1515,0; 118
  1515,5; 118
  1516,0; 118
  1516,5; 119
  1517,0; 119
  1517,5; 119
  1518,0; 119
  1518,5; 121
  1519,0; 121
  1519,5; 122
  1520,0; 122
  1520,5; 122
  1521,0; 122
  1521,5; 120
  1522,0; 120
  1522,5; 118
  1523,0; 118
  1523,5; 116
  1524,0; 116
  1524,5; 116
  1525,0; 116
  1525,5; 116
  1526,0; 117
  1526,5; 117
  1527,0; 118
  1527,5; 118
  1528,0; 118
  1528,5; 117
  1529,0; 117
  1529,5; 117
  1530,0; 117
  1530,5; 117
  1531,0; 117
  1531,5; 118
  1532,0; 118
  1532,5; 119
  1533,0; 119
  1533,5; 120
  1534,0; 120
  1534,5; 121
  1535,0; 121
  1535,5; 121
  1536,0; 121
  1536,5; 121
  1537,0; 121
  1537,5; 121
  1538,0; 119
  1538,5; 119
  1539,0; 119
  1539,5; 119
  1540,0; 119
  1540,5; 118
  1541,0; 118
  1541,5; 118
  1542,0; 118
  1542,5; 117
  1543,0; 117
  1543,5; 118
  1544,0; 118
  1544,5; 116
  1545,0; 116
  1545,5; 116
  1546,0; 116
  1546,5; 116
  1547,0; 116
  1547,5; 116
  1548,0; 116
  1548,5; 116
  1549,0; 116
  1549,5; 116
  1550,0; 116
  1550,5; 116
  1551,0; 117
  1551,5; 117
  1552,0; 117
  1552,5; 117
  1553,0; 117
  1553,5; 116
  1554,0; 116
  1554,5; 115
  1555,0; 115
  1555,5; 115
  1556,0; 115
  1556,5; 115
  1557,0; 115
  1557,5; 115
  1558,0; 115
  1558,5; 115
  1559,0; 115
  1559,5; 113
  1560,0; 113
  1560,5; 113
  1561,0; 106
  1561,5; 106
  1562,0; 106
  1562,5; 108
  1563,0; 112
  1563,5; 112
  1564,0; 112
  1564,5; 113
  1565,0; 113
  1565,5; 113
  1566,0; 113
  1566,5; 114
  1567,0; 114
  1567,5; 115
  1568,0; 115
  1568,5; 116
  1569,0; 116
  1569,5; 117
  1570,0; 117
  1570,5; 118
  1571,0; 118
  1571,5; 118
  1572,0; 118
  1572,5; 118
  1573,0; 118
  1573,5; 118
  1574,0; 118
  1574,5; 118
  1575,0; 118
  1575,5; 118
  1576,0; 118
  1576,5; 118
  1577,0; 118
  1577,5; 114
  1578,0; 114
  1578,5; 112
  1579,0; 112
  1579,5; 112
  1580,0; 112
  1580,5; 113
  1581,0; 113
  1581,5; 114
  1582,0; 114
  1582,5; 115
  1583,0; 115
  1583,5; 117
  1584,0; 117
  1584,5; 118
  1585,0; 118
  1585,5; 118
  1586,0; 117
  1586,5; 117
  1587,0; 115
  1587,5; 115
  1588,0; 115
  1588,5; 115
  1589,0; 115
  1589,5; 116
  1590,0; 116
  1590,5; 117
  1591,0; 117
  1591,5; 116
  1592,0; 116
  1592,5; 116
  1593,0; 116
  1593,5; 114
  1594,0; 114
  1594,5; 112
  1595,0; 112
  1595,5; 112
  1596,0; 112
  1596,5; 112
  1597,0; 112
  1597,5; 112
  1598,0; 112
  1598,5; 112
  1599,0; 112
  1599,5; 112
  1600,0; 112
  1600,5; 112
  1601,0; 112
  1601,5; 113
  1602,0; 113
  1602,5; 113
  1603,0; 113
  1603,5; 114
  1604,0; 114
  1604,5; 114
  1605,0; 114
  1605,5; 114
  1606,0; 114
  1606,5; 114
  1607,0; 114
  1607,5; 115
  1608,0; 115
  1608,5; 115
  1609,0; 114
  1609,5; 114
  1610,0; 113
  1610,5; 113
  1611,0; 113
  1611,5; 113
  1612,0; 113
  1612,5; 113
  1613,0; 113
  1613,5; 112
  1614,0; 112
  1614,5; 112
  1615,0; 112
  1615,5; 111
  1616,0; 111
  1616,5; 113
  1617,0; 113
  1617,5; 114
  1618,0; 114
  1618,5; 114
  1619,0; 114
  1619,5; 115
  1620,0; 115
  1620,5; 115
  1621,0; 115
  1621,5; 115
  1622,0; 116
  1622,5; 116
  1623,0; 116
  1623,5; 116
  1624,0; 116
  1624,5; 117
  1625,0; 117
  1625,5; 118
  1626,0; 118
  1626,5; 118
  1627,0; 118
  1627,5; 117
  1628,0; 117
  1628,5; 117
  1629,0; 117
  1629,5; 114
  1630,0; 114
  1630,5; 114
  1631,0; 114
  1631,5; 112
  1632,0; 112
  1632,5; 112
  1633,0; 112
  1633,5; 112
  1634,0; 113
  1634,5; 113
  1635,0; 115
  1635,5; 115
  1636,0; 115
  1636,5; 116
  1637,0; 116
  1637,5; 117
  1638,0; 117
  1638,5; 117
  1639,0; 117
  1639,5; 117
  1640,0; 117
  1640,5; 115
  1641,0; 115
  1641,5; 115
  1642,0; 115
  1642,5; 114
  1643,0; 114
  1643,5; 114
  1644,0; 114
  1644,5; 114
  1645,0; 113
  1645,5; 113
  1646,0; 113
  1646,5; 113
  1647,0; 111
  1647,5; 111
  1648,0; 111
  1648,5; 111
  1649,0; 111
  1649,5; 112
  1650,0; 112
  1650,5; 113
  1651,0; 113
  1651,5; 113
  1652,0; 113
  1652,5; 112
  1653,0; 112
  1653,5; 111
  1654,0; 111
  1654,5; 111
  1655,0; 111
  1655,5; 111
  1656,0; 111
  1656,5; 111
  1657,0; 113
  1657,5; 113
  1658,0; 113
  1658,5; 114
  1659,0; 113
  1659,5; 113
  1660,0; 113
  1660,5; 114
  1661,0; 114
  1661,5; 115
  1662,0; 115
  1662,5; 115
  1663,0; 115
  1663,5; 117
  1664,0; 117
  1664,5; 116
  1665,0; 116
  1665,5; 115
  1666,0; 115
  1666,5; 114
  1667,0; 114
  1667,5; 114
  1668,0; 114
  1668,5; 114
  1669,0; 113
  1669,5; 113
  1670,0; 113
  1670,5; 113
  1671,0; 112
  1671,5; 112
  1672,0; 112
  1672,5; 112
  1673,0; 112
  1673,5; 113
  1674,0; 113
  1674,5; 113
  1675,0; 113
  1675,5; 113
  1676,0; 113
  1676,5; 113
  1677,0; 113
  1677,5; 114
  1678,0; 114
  1678,5; 116
  1679,0; 116
  1679,5; 115
  1680,0; 115
  1680,5; 113
  1681,0; 112
  1681,5; 112
  1682,0; 112
  1682,5; 112
  1683,0; 112
  1683,5; 112
  1684,0; 112
  1684,5; 112
  1685,0; 112
  1685,5; 111
  1686,0; 111
  1686,5; 111
  1687,0; 111
  1687,5; 111
  1688,0; 111
  1688,5; 112
  1689,0; 112
  1689,5; 112
  1690,0; 112
  1690,5; 112
  1691,0; 112
  1691,5; 111
  1692,0; 111
  1692,5; 111
  1693,0; 111
  1693,5; 111
  1694,0; 112
  1694,5; 112
  1695,0; 113
  1695,5; 113
  1696,0; 113
  1696,5; 114
  1697,0; 114
  1697,5; 115
  1698,0; 115
  1698,5; 115
  1699,0; 115
  1699,5; 115
  1700,0; 115
  1700,5; 116
  1701,0; 116
  1701,5; 116
  1702,0; 116
  1702,5; 115
  1703,0; 115
  1703,5; 115
  1704,0; 115
  1704,5; 114
  1705,0; 113
  1705,5; 113
  1706,0; 113
  1706,5; 113
  1707,0; 112
  1707,5; 112
  1708,0; 112
  1708,5; 113
  1709,0; 113
  1709,5; 114
  1710,0; 114
  1710,5; 116
  1711,0; 116
  1711,5; 118
  1712,0; 118
  1712,5; 117
  1713,0; 117
  1713,5; 117
  1714,0; 117
  1714,5; 117
  1715,0; 117
  1715,5; 115
  1716,0; 115
  1716,5; 113
  1717,0; 110
  1717,5; 110
  1718,0; 109
  1718,5; 109
  1719,0; 108
  1719,5; 108
  1720,0; 108
  1720,5; 107
  1721,0; 107
  1721,5; 108
  1722,0; 108
  1722,5; 108
  1723,0; 108
  1723,5; 108
  1724,0; 108
  1724,5; 110
  1725,0; 110
  1725,5; 110
  1726,0; 110
  1726,5; 109
  1727,0; 109
  1727,5; 108
  1728,0; 108
  1728,5; 108
  1729,0; 109
  1729,5; 109
  1730,0; 110
  1730,5; 110
  1731,0; 110
  1731,5; 110
  1732,0; 110
  1732,5; 109
  1733,0; 109
  1733,5; 110
  1734,0; 110
  1734,5; 111
  1735,0; 111
  1735,5; 112
  1736,0; 112
  1736,5; 112
  1737,0; 112
  1737,5; 110
  1738,0; 110
  1738,5; 109
  1739,0; 109
  1739,5; 109
  1740,0; 109
  1740,5; 110
  1741,0; 110
  1741,5; 110
  1742,0; 109
  1742,5; 109
  1743,0; 108
  1743,5; 108
  1744,0; 108
  1744,5; 108
  1745,0; 107
  1745,5; 108
  1746,0; 108
  1746,5; 108
  1747,0; 108
  1747,5; 108
  1748,0; 108
  1748,5; 108
  1749,0; 110
  1749,5; 112
  1750,0; 112
  1750,5; 115
  1751,0; 115
  1751,5; 116
  1752,0; 116
  1752,5; 116
  1753,0; 117
  1753,5; 117
  1754,0; 117
  1754,5; 118
  1755,0; 116
  1755,5; 116
  1756,0; 116
  1756,5; 116
  1757,0; 116
  1757,5; 114
  1758,0; 114
  1758,5; 109
  1759,0; 109
  1759,5; 108
  1760,0; 108
  1760,5; 106
  1761,0; 106
  1761,5; 106
  1762,0; 106
  1762,5; 108
  1763,0; 108
  1763,5; 107
  1764,0; 107
  1764,5; 108
  1765,0; 112
  1765,5; 112
  1766,0; 114
  1766,5; 114
  1767,0; 113
  1767,5; 113
  1768,0; 113
  1768,5; 113
  1769,0; 113
  1769,5; 111
  1770,0; 111
  1770,5; 111
  1771,0; 111
  1771,5; 110
  1772,0; 110
  1772,5; 108
  1773,0; 108
  1773,5; 107
  1774,0; 107
  1774,5; 106
  1775,0; 106
  1775,5; 106
  1776,0; 106
  1776,5; 106
  1777,0; 108
  1777,5; 108
  1778,0; 110
  1778,5; 110
  1779,0; 111
  1779,5; 111
  1780,0; 111
  1780,5; 112
  1781,0; 112
  1781,5; 111
  1782,0; 111
  1782,5; 111
  1783,0; 111
  1783,5; 109
  1784,0; 109
  1784,5; 108
  1785,0; 108
  1785,5; 107
  1786,0; 107
  1786,5; 107
  1787,0; 107
  1787,5; 107
  1788,0; 107
  1788,5; 109
  1789,0; 111
  1789,5; 111
  1790,0; 111
  1790,5; 111
  1791,0; 111
  1791,5; 111
  1792,0; 111
  1792,5; 111
  1793,0; 111
  1793,5; 111
  1794,0; 111
  1794,5; 110
  1795,0; 110
  1795,5; 109
  1796,0; 109
  1796,5; 108
  1797,0; 108
  1797,5; 108
  1798,0; 108
  1798,5; 108
  1799,0; 108
  1799,5; 109
  1800,0; 109
  1800,5; 110
  1801,0; 111
  1801,5; 111
  1802,0; 112
  1802,5; 112
  1803,0; 112
  1803,5; 112
  1804,0; 112
  1804,5; 112
  1805,0; 112
  1805,5; 112
  1806,0; 112
  1806,5; 115
  1807,0; 115
  1807,5; 117
  1808,0; 117
  1808,5; 117
  1809,0; 117
  1809,5; 115
  1810,0; 115
  1810,5; 114
  1811,0; 114
  1811,5; 114
  1812,0; 114
  1812,5; 114
  1813,0; 115
  1813,5; 115
  1814,0; 115
  1814,5; 115
  1815,0; 115
  1815,5; 115
  1816,0; 115
  1816,5; 114
  1817,0; 114
  1817,5; 113
  1818,0; 113
  1818,5; 112
  1819,0; 112
  1819,5; 112
  1820,0; 112
  1820,5; 112
  1821,0; 112
  1821,5; 113
  1822,0; 113
  1822,5; 113
  1823,0; 113
  1823,5; 113
  1824,0; 113
  1824,5; 112
  1825,0; 111
  1825,5; 111
  1826,0; 111
  1826,5; 111
  1827,0; 112
  1827,5; 112
  1828,0; 112
  1828,5; 113
  1829,0; 113
  1829,5; 112
  1830,0; 112
  1830,5; 112
  1831,0; 112
  1831,5; 111
  1832,0; 111
  1832,5; 111
  1833,0; 111
  1833,5; 112
  1834,0; 112
  1834,5; 111
  1835,0; 111
  1835,5; 111
  1836,0; 111
  1836,5; 111
  1837,0; 113
  1837,5; 113
  1838,0; 114
  1838,5; 114
  1839,0; 115
  1839,5; 115
  1840,0; 115
  1840,5; 116
  1841,0; 116
  1841,5; 117
  1842,0; 117
  1842,5; 116
  1843,0; 116
  1843,5; 116
  1844,0; 116
  1844,5; 115
  1845,0; 115
  1845,5; 113
  1846,0; 113
  1846,5; 111
  1847,0; 111
  1847,5; 111
  1848,0; 111
  1848,5; 110
  1849,0; 110
  1849,5; 110
  1850,0; 109
  1850,5; 109
  1851,0; 108
  1851,5; 108
  1852,0; 108
  1852,5; 109
  1853,0; 109
  1853,5; 108
  1854,0; 108
  1854,5; 108
  1855,0; 108
  1855,5; 109
  1856,0; 109
  1856,5; 110
  1857,0; 110
  1857,5; 112
  1858,0; 112
  1858,5; 113
  1859,0; 113
  1859,5; 114
  1860,0; 114
  1860,5; 113
  1861,0; 112
  1861,5; 112
  1862,0; 111
  1862,5; 111
  1863,0; 110
  1863,5; 110
  1864,0; 110
  1864,5; 110
  1865,0; 110
  1865,5; 110
  1866,0; 110
  1866,5; 110
  1867,0; 109
  1867,5; 108
  1868,0; 108
  1868,5; 108
  1869,0; 108
  1869,5; 108
  1870,0; 108
  1870,5; 109
  1871,0; 109
  1871,5; 109
  1872,0; 109
  1872,5; 108
  1873,0; 108
  1873,5; 108
  1874,0; 108
  1874,5; 108
  1875,0; 108
  1875,5; 108
  1876,0; 108
  1876,5; 108
  1877,0; 108
  1877,5; 108
  1878,0; 108
  1878,5; 109
  1879,0; 109
  1879,5; 111
  1880,0; 111
  1880,5; 112
  1881,0; 112
  1881,5; 113
  1882,0; 113
  1882,5; 114
  1883,0; 114
  1883,5; 114
  1884,0; 114
  1884,5; 114
  1885,0; 114
  1885,5; 114
  1886,0; 108
  1886,5; 108
  1887,0; 106
  1887,5; 106
  1888,0; 106
  1888,5; 106
  1889,0; 106
  1889,5; 107
  1890,0; 107
  1890,5; 108
  1891,0; 108
  1891,5; 110
  1892,0; 110
  1892,5; 113
  1893,0; 113
  1893,5; 115
  1894,0; 115
  1894,5; 115
  1895,0; 115
  1895,5; 115
  1896,0; 115
  1896,5; 113
  1897,0; 108
  1897,5; 108
  1898,0; 106
  1898,5; 106
  1899,0; 102
  1899,5; 102
  1900,0; 102
  1900,5; 101
  1901,0; 101
  1901,5; 100
  1902,0; 100
  1902,5; 100
  1903,0; 100
  1903,5; 100
  1904,0; 100
  1904,5; 100
  1905,0; 100
  1905,5; 103
  1906,0; 103
  1906,5; 105
  1907,0; 105
  1907,5; 106
  1908,0; 106
  1908,5; 106
  1909,0; 108
  1909,5; 108
  1910,0; 108
  1910,5; 108
  1911,0; 109
  1911,5; 109
  1912,0; 109
  1912,5; 109
  1913,0; 109
  1913,5; 110
  1914,0; 110
  1914,5; 112
  1915,0; 112
  1915,5; 114
  1916,0; 114
  1916,5; 115
  1917,0; 115
  1917,5; 115
  1918,0; 115
  1918,5; 116
  1919,0; 116
  1919,5; 116
  1920,0; 116
  1920,5; 117
  1921,0; 117
  1921,5; 117
  1922,0; 116
  1922,5; 116
  1923,0; 115
  1923,5; 115
  1924,0; 115
  1924,5; 115
  1925,0; 115
  1925,5; 114
  1926,0; 114
  1926,5; 113
  1927,0; 113
  1927,5; 115
  1928,0; 115
  1928,5; 116
  1929,0; 116
  1929,5; 115
  1930,0; 115
  1930,5; 115
  1931,0; 115
  1931,5; 113
  1932,0; 113
  1932,5; 109
  1933,0; 109
  1933,5; 109
  1934,0; 107
  1934,5; 107
  1935,0; 106
  1935,5; 106
  1936,0; 106
  1936,5; 106
  1937,0; 106
  1937,5; 107
  1938,0; 107
  1938,5; 108
  1939,0; 108
  1939,5; 109
  1940,0; 109
  1940,5; 111
  1941,0; 111
  1941,5; 112
  1942,0; 112
  1942,5; 112
  1943,0; 112
  1943,5; 113
  1944,0; 113
  1944,5; 113
  1945,0; 113
  1945,5; 113
  1946,0; 113
  1946,5; 113
  1947,0; 114
  1947,5; 114
  1948,0; 114
  1948,5; 115
  1949,0; 115
  1949,5; 114
  1950,0; 114
  1950,5; 112
  1951,0; 112
  1951,5; 110
  1952,0; 110
  1952,5; 111
  1953,0; 111
  1953,5; 112
  1954,0; 112
  1954,5; 112
  1955,0; 112
  1955,5; 112
  1956,0; 112
  1956,5; 111
  1957,0; 109
  1957,5; 109
  1958,0; 108
  1958,5; 108
  1959,0; 107
  1959,5; 107
  1960,0; 107
  1960,5; 106
  1961,0; 106
  1961,5; 106
  1962,0; 106
  1962,5; 107
  1963,0; 107
  1963,5; 108
  1964,0; 108
  1964,5; 109
  1965,0; 109
  1965,5; 109
  1966,0; 109
  1966,5; 110
  1967,0; 110
  1967,5; 111
  1968,0; 111
  1968,5; 112
  1969,0; 112
  1969,5; 112
  1970,0; 111
  1970,5; 111
  1971,0; 111
  1971,5; 111
  1972,0; 111
  1972,5; 110
  1973,0; 110
  1973,5; 109
  1974,0; 109
  1974,5; 108
  1975,0; 108
  1975,5; 108
  1976,0; 108
  1976,5; 109
  1977,0; 109
  1977,5; 111
  1978,0; 111
  1978,5; 113
  1979,0; 113
  1979,5; 112
  1980,0; 112
  1980,5; 112
  1981,0; 111
  1981,5; 111
  1982,0; 110
  1982,5; 110
  1983,0; 109
  1983,5; 109
  1984,0; 109
  1984,5; 110
  1985,0; 110
  1985,5; 111
  1986,0; 111
  1986,5; 111
  1987,0; 111
  1987,5; 111
  1988,0; 111
  1988,5; 112
  1989,0; 112
  1989,5; 114
  1990,0; 114
  1990,5; 115
  1991,0; 115
  1991,5; 117
  1992,0; 117
  1992,5; 119
  1993,0; 120
  1993,5; 120
  1994,0; 120
  1994,5; 120
  1995,0; 120
  1995,5; 120
  1996,0; 120
  1996,5; 119
  1997,0; 119
  1997,5; 118
  1998,0; 118
  1998,5; 117
  1999,0; 117
  1999,5; 117
  2000,0; 117
  2000,5; 116
  2001,0; 116
  2001,5; 116
  2002,0; 116
  2002,5; 116
  2003,0; 116
  2003,5; 117
  2004,0; 117
  2004,5; 117
  2005,0; 116
  2005,5; 116
  2006,0; 116
  2006,5; 116
  2007,0; 115
  2007,5; 115
  2008,0; 115
  2008,5; 114
  2009,0; 114
  2009,5; 112
  2010,0; 112
  2010,5; 112
  2011,0; 112
  2011,5; 111
  2012,0; 111
  2012,5; 110
  2013,0; 110
  2013,5; 111
  2014,0; 111
  2014,5; 111
  2015,0; 111
  2015,5; 111
  2016,0; 111
  2016,5; 111
  2017,0; 111
  2017,5; 111
  2018,0; 112
  2018,5; 112
  2019,0; 114
  2019,5; 114
  2020,0; 114
  2020,5; 116
  2021,0; 116
  2021,5; 117
  2022,0; 117
  2022,5; 118
  2023,0; 118
  2023,5; 118
  2024,0; 118
  2024,5; 118
  2025,0; 118
  2025,5; 117
  2026,0; 117
  2026,5; 117
  2027,0; 117
  2027,5; 116
  2028,0; 116
  2028,5; 116
  2029,0; 117
  2029,5; 117
  2030,0; 117
  2030,5; 117
  2031,0; 116
  2031,5; 116
  2032,0; 116
  2032,5; 116
  2033,0; 116
  2033,5; 116
  2034,0; 116
  2034,5; 116
  2035,0; 116
  2035,5; 116
  2036,0; 116
  2036,5; 116
  2037,0; 116
  2037,5; 115
  2038,0; 115
  2038,5; 115
  2039,0; 115
  2039,5; 115
  2040,0; 115
  2040,5; 114
  2041,0; 113
  2041,5; 113
  2042,0; 112
  2042,5; 112
  2043,0; 112
  2043,5; 112
  2044,0; 112
  2044,5; 111
  2045,0; 111
  2045,5; 111
  2046,0; 111
  2046,5; 110
  2047,0; 110
  2047,5; 109
  2048,0; 109
  2048,5; 109
  2049,0; 109
  2049,5; 109
  2050,0; 109
  2050,5; 110
  2051,0; 110
  2051,5; 112
  2052,0; 112
  2052,5; 113
  2053,0; 115
  2053,5; 115
  2054,0; 117
  2054,5; 117
  2055,0; 119
  2055,5; 119
  2056,0; 119
  2056,5; 120
  2057,0; 120
  2057,5; 121
  2058,0; 121
  2058,5; 121
  2059,0; 121
  2059,5; 120
  2060,0; 120
  2060,5; 119
  2061,0; 119
  2061,5; 119
  2062,0; 119
  2062,5; 118
  2063,0; 118
  2063,5; 118
  2064,0; 118
  2064,5; 118
  2065,0; 118
  2065,5; 118
  2066,0; 118
  2066,5; 118
  2067,0; 116
  2067,5; 116
  2068,0; 116
  2068,5; 116
  2069,0; 116
  2069,5; 115
  2070,0; 115
  2070,5; 115
  2071,0; 115
  2071,5; 115
  2072,0; 115
  2072,5; 116
  2073,0; 116
  2073,5; 116
  2074,0; 116
  2074,5; 115
  2075,0; 115
  2075,5; 114
  2076,0; 114
  2076,5; 114
  2077,0; 115
  2077,5; 115
  2078,0; 116
  2078,5; 116
  2079,0; 117
  2079,5; 117
  2080,0; 117
  2080,5; 118
  2081,0; 118
  2081,5; 119
  2082,0; 119
  2082,5; 120
  2083,0; 120
  2083,5; 120
  2084,0; 120
  2084,5; 119
  2085,0; 119
  2085,5; 118
  2086,0; 118
  2086,5; 118
  2087,0; 118
  2087,5; 118
  2088,0; 118
  2088,5; 118
  2089,0; 118
  2089,5; 118
  2090,0; 117
  2090,5; 117
  2091,0; 116
  2091,5; 116
  2092,0; 116
  2092,5; 116
  2093,0; 116
  2093,5; 115
  2094,0; 115
  2094,5; 112
  2095,0; 112
  2095,5; 111
  2096,0; 111
  2096,5; 111
  2097,0; 111
  2097,5; 112
  2098,0; 112
  2098,5; 112
  2099,0; 112
  2099,5; 112
  2100,0; 112
  2100,5; 114
  2101,0; 116
  2101,5; 116
  2102,0; 116
  2102,5; 116
  2103,0; 116
  2103,5; 116
  2104,0; 116
  2104,5; 113
  2105,0; 113
  2105,5; 112
  2106,0; 112
  2106,5; 111
  2107,0; 111
  2107,5; 110
  2108,0; 110
  2108,5; 109
  2109,0; 109
  2109,5; 109
  2110,0; 109
  2110,5; 111
  2111,0; 111
  2111,5; 112
  2112,0; 112
  2112,5; 113
  2113,0; 115
  2113,5; 115
  2114,0; 115
  2114,5; 115
  2115,0; 115
  2115,5; 115
  2116,0; 115
  2116,5; 116
  2117,0; 116
  2117,5; 117
  2118,0; 117
  2118,5; 119
  2119,0; 119
  2119,5; 118
  2120,0; 118
  2120,5; 116
  2121,0; 116
  2121,5; 115
  2122,0; 115
  2122,5; 115
  2123,0; 115
  2123,5; 115
  2124,0; 115
  2124,5; 117
  2125,0; 118
  2125,5; 118
  2126,0; 118
  2126,5; 118
  2127,0; 118
  2127,5; 118
  2128,0; 118
  2128,5; 117
  2129,0; 117
  2129,5; 115
  2130,0; 115
  2130,5; 115
  2131,0; 115
  2131,5; 115
  2132,0; 115
  2132,5; 114
  2133,0; 114
  2133,5; 114
  2134,0; 114
  2134,5; 113
  2135,0; 113
  2135,5; 113
  2136,0; 113
  2136,5; 114
  2137,0; 115
  2137,5; 115
  2138,0; 114
  2138,5; 114
  2139,0; 113
  2139,5; 113
  2140,0; 113
  2140,5; 113
  2141,0; 113
  2141,5; 113
  2142,0; 113
  2142,5; 113
  2143,0; 113
  2143,5; 113
  2144,0; 113
  2144,5; 113
  2145,0; 113
  2145,5; 112
  2146,0; 112
  2146,5; 112
  2147,0; 112
  2147,5; 111
  2148,0; 111
  2148,5; 110
  2149,0; 110
  2149,5; 110
  2150,0; 110
  2150,5; 110
  2151,0; 109
  2151,5; 109
  2152,0; 109
  2152,5; 109
  2153,0; 109
  2153,5; 110
  2154,0; 110
  2154,5; 110
  2155,0; 110
  2155,5; 112
  2156,0; 112
  2156,5; 113
  2157,0; 113
  2157,5; 116
  2158,0; 116
  2158,5; 118
  2159,0; 118
  2159,5; 118
  2160,0; 118
  2160,5; 119
  2161,0; 120
  2161,5; 120
  2162,0; 121
  2162,5; 121
  2163,0; 120
  2163,5; 120
  2164,0; 120
  2164,5; 119
  2165,0; 119
  2165,5; 118
  2166,0; 118
  2166,5; 117
  2167,0; 117
  2167,5; 115
  2168,0; 115
  2168,5; 112
  2169,0; 112
  2169,5; 112
  2170,0; 112
  2170,5; 112
  2171,0; 112
  2171,5; 111
  2172,0; 111
  2172,5; 112
  2173,0; 112
  2173,5; 112
  2174,0; 113
  2174,5; 113
  2175,0; 115
  2175,5; 115
  2176,0; 115
  2176,5; 114
  2177,0; 114
  2177,5; 114
  2178,0; 114
  2178,5; 113
  2179,0; 113
  2179,5; 111
  2180,0; 111
  2180,5; 110
  2181,0; 110
  2181,5; 112
  2182,0; 112
  2182,5; 112
  2183,0; 112
  2183,5; 113
  2184,0; 113
  2184,5; 113
  2185,0; 113
  2185,5; 113
  2186,0; 113
  2186,5; 113
  2187,0; 113
  2187,5; 113
  2188,0; 113
  2188,5; 114
  2189,0; 114
  2189,5; 115
  2190,0; 115
  2190,5; 116
  2191,0; 116
  2191,5; 117
  2192,0; 117
  2192,5; 118
  2193,0; 118
  2193,5; 118
  2194,0; 118
  2194,5; 119
  2195,0; 119
  2195,5; 120
  2196,0; 120
  2196,5; 119
  2197,0; 118
  2197,5; 118
  2198,0; 119
  2198,5; 119
  2199,0; 119
  2199,5; 119
  2200,0; 119
  2200,5; 120
  2201,0; 120
  2201,5; 120
  2202,0; 120
  2202,5; 118
  2203,0; 118
  2203,5; 116
  2204,0; 116
  2204,5; 116
  2205,0; 116
  2205,5; 117
  2206,0; 117
  2206,5; 119
  2207,0; 119
  2207,5; 120
  2208,0; 120
  2208,5; 121
  2209,0; 122
  2209,5; 122
  2210,0; 121
  2210,5; 121
  2211,0; 121
  2211,5; 121
  2212,0; 121
  2212,5; 120
  2213,0; 120
  2213,5; 119
  2214,0; 119
  2214,5; 117
  2215,0; 117
  2215,5; 116
  2216,0; 116
  2216,5; 116
  2217,0; 116
  2217,5; 116
  2218,0; 116
  2218,5; 115
  2219,0; 115
  2219,5; 115
  2220,0; 115
  2220,5; 114
  2221,0; 113
  2221,5; 113
  2222,0; 113
  2222,5; 113
  2223,0; 114
  2223,5; 114
  2224,0; 114
  2224,5; 116
  2225,0; 116
  2225,5; 117
  2226,0; 117
  2226,5; 117
  2227,0; 117
  2227,5; 120
  2228,0; 120
  2228,5; 120
  2229,0; 120
  2229,5; 120
  2230,0; 120
  2230,5; 120
  2231,0; 120
  2231,5; 120
  2232,0; 120
  2232,5; 120
  2236,5; 126
  2237,0; 126
  2237,5; 122
  2238,0; 122
  2238,5; 119
  2239,0; 119
  2239,5; 114
  2240,0; 114
  2240,5; 113
  2241,0; 113
  2241,5; 112
  2242,0; 112
  2242,5; 111
  2243,0; 111
  2243,5; 110
  2244,0; 110
  2244,5; 111
  2245,0; 112
  2245,5; 112
  2246,0; 112
  2246,5; 112
  2247,0; 111
  2247,5; 111
  2248,0; 111
  2248,5; 110
  2249,0; 110
  2249,5; 106
  2250,0; 106
  2250,5; 106
  2251,0; 106
  2251,5; 107
  2252,0; 107
  2252,5; 107
  2253,0; 107
  2253,5; 108
  2254,0; 108
  2254,5; 109
  2255,0; 109
  2255,5; 109
  2256,0; 109
  2256,5; 109
  2257,0; 110
  2257,5; 110
  2258,0; 111
  2258,5; 111
  2259,0; 112
  2259,5; 112
  2260,0; 112
  2260,5; 113
  2261,0; 113
  2261,5; 115
  2262,0; 115
  2262,5; 116
  2263,0; 116
  2263,5; 117
  2264,0; 117
  2264,5; 117
  2265,0; 117
  2265,5; 116
  2266,0; 116
  2266,5; 114
  2267,0; 114
  2267,5; 113
  2268,0; 113
  2268,5; 114
  2269,0; 116
  2269,5; 116
  2270,0; 118
  2270,5; 118
  2271,0; 119
  2271,5; 119
  2272,0; 119
  2272,5; 120
  2273,0; 120
  2273,5; 122
  2274,0; 122
  2274,5; 123
  2275,0; 123
  2275,5; 124
  2276,0; 124
  2276,5; 125
  2277,0; 125
  2277,5; 123
  2278,0; 123
  2278,5; 121
  2279,0; 121
  2279,5; 120
  2280,0; 120
  2280,5; 119
  2281,0; 119
  2281,5; 119
  2282,0; 120
  2282,5; 120
  2283,0; 120
  2283,5; 120
  2284,0; 120
  2284,5; 122
  2285,0; 122
  2285,5; 122
  2286,0; 122
  2286,5; 121
  2287,0; 121
  2287,5; 120
  2288,0; 120
  2288,5; 119
  2289,0; 119
  2289,5; 118
  2290,0; 118
  2290,5; 117
  2291,0; 117
  2291,5; 117
  2292,0; 117
  2292,5; 114
  2293,0; 112
  2293,5; 112
  2294,0; 113
  2294,5; 113
  2295,0; 113
  2295,5; 114
  2296,0; 114
  2296,5; 115
  2297,0; 115
  2297,5; 114
  2298,0; 114
  2298,5; 113
  2299,0; 113
  2299,5; 114
  2300,0; 114
  2300,5; 116
  2301,0; 116
  2301,5; 116
  2302,0; 116
  2302,5; 116
  2303,0; 116
  2303,5; 117
  2304,0; 117
  2304,5; 117
  2305,0; 117
  2305,5; 117
  2306,0; 119
  2306,5; 119
  2307,0; 119
  2307,5; 119
  2308,0; 119
  2308,5; 119
  2309,0; 119
  2309,5; 119
  2310,0; 119
  2310,5; 118
  2311,0; 118
  2311,5; 116
  2312,0; 116
  2312,5; 115
  2313,0; 115
  2313,5; 114
  2314,0; 114
  2314,5; 112
  2315,0; 112
  2315,5; 112
  2316,0; 112
  2316,5; 109
  2317,0; 109
  2317,5; 109
  2318,0; 108
  2318,5; 108
  2319,0; 108
  2319,5; 108
  2320,0; 108
  2320,5; 109
  2321,0; 109
  2321,5; 109
  2322,0; 109
  2322,5; 109
  2323,0; 109
  2323,5; 110
  2324,0; 110
  2324,5; 111
  2325,0; 111
  2325,5; 113
  2326,0; 113
  2326,5; 115
  2327,0; 115
  2327,5; 116
  2328,0; 116
  2328,5; 118
  2329,0; 120
  2329,5; 120
  2330,0; 122
  2330,5; 122
  2331,0; 122
  2331,5; 124
  2332,0; 124
  2332,5; 125
  2333,0; 125
  2333,5; 124
  2334,0; 124
  2334,5; 124
  2335,0; 124
  2335,5; 122
  2336,0; 122
  2336,5; 122
  2337,0; 122
  2337,5; 118
  2338,0; 118
  2338,5; 118
  2339,0; 118
  2339,5; 119
  2340,0; 119
  2340,5; 118
  2341,0; 118
  2341,5; 118
  2342,0; 113
  2342,5; 113
  2343,0; 113
  2343,5; 112
  2344,0; 112
  2344,5; 110
  2345,0; 110
  2345,5; 110
  2346,0; 110
  2346,5; 109
  2347,0; 109
  2347,5; 109
  2348,0; 109
  2348,5; 109
  2349,0; 109
  2349,5; 109
  2350,0; 109
  2350,5; 110
  2351,0; 110
  2351,5; 111
  2352,0; 111
  2352,5; 112
  2353,0; 113
  2353,5; 113
  2354,0; 113
  2354,5; 113
  2355,0; 113
  2355,5; 113
  2356,0; 113
  2356,5; 111
  2357,0; 111
  2357,5; 110
  2358,0; 110
  2358,5; 110
  2359,0; 110
  2359,5; 111
  2360,0; 111
  2360,5; 112
  2361,0; 112
  2361,5; 113
  2362,0; 113
  2362,5; 114
  2363,0; 114
  2363,5; 116
  2364,0; 116
  2364,5; 116
  2365,0; 116
  2365,5; 116
  2366,0; 116
  2366,5; 116
  2367,0; 116
  2367,5; 117
  2368,0; 117
  2368,5; 118
  2369,0; 118
  2369,5; 119
  2370,0; 119
  2370,5; 119
  2371,0; 119
  2371,5; 119
  2372,0; 119
  2372,5; 119
  2373,0; 119
  2373,5; 120
  2374,0; 120
  2374,5; 119
  2375,0; 119
  2375,5; 118
  2376,0; 118
  2376,5; 118
  2377,0; 118
  2377,5; 118
  2378,0; 117
  2378,5; 117
  2379,0; 117
  2379,5; 117
  2380,0; 117
  2380,5; 118
  2381,0; 118
  2381,5; 118
  2382,0; 118
  2382,5; 119
  2383,0; 119
  2383,5; 118
  2384,0; 118
  2384,5; 116
  2385,0; 116
  2385,5; 116
  2386,0; 116
  2386,5; 115
  2387,0; 115
  2387,5; 115
  2388,0; 115
  2388,5; 114
  2389,0; 112
  2389,5; 112
  2390,0; 110
  2390,5; 110
  2391,0; 110
  2391,5; 109
  2392,0; 109
  2392,5; 108
  2393,0; 108
  2393,5; 107
  2394,0; 107
  2394,5; 107
  2395,0; 107
  2395,5; 107
  2396,0; 107
  2396,5; 109
  2397,0; 109
  2397,5; 109
  2398,0; 109
  2398,5; 110
  2399,0; 110
  2399,5; 111
  2400,0; 111
  2400,5; 113
  2401,0; 112
  2401,5; 112
  2402,0; 112
  2402,5; 112
  2403,0; 112
  2403,5; 113
  2404,0; 113
  2404,5; 113
  2405,0; 113
  2405,5; 115
  2406,0; 115
  2406,5; 116
  2407,0; 116
  2407,5; 116
  2408,0; 116
  2408,5; 117
  2409,0; 117
  2409,5; 117
  2410,0; 117
  2410,5; 118
  2411,0; 118
  2411,5; 119
  2412,0; 119
  2412,5; 119
  2413,0; 119
  2413,5; 119
  2414,0; 119
  2414,5; 119
  2415,0; 119
  2415,5; 118
  2416,0; 118
  2416,5; 116
  2417,0; 116
  2417,5; 114
  2418,0; 114
  2418,5; 113
  2419,0; 113
  2419,5; 113
  2420,0; 113
  2420,5; 114
  2421,0; 114
  2421,5; 115
  2422,0; 115
  2422,5; 115
  2423,0; 115
  2423,5; 115
  2424,0; 115
  2424,5; 118
  2425,0; 120
  2425,5; 120
  2426,0; 120
  2426,5; 120
  2427,0; 120
  2427,5; 120
  2428,0; 120
  2428,5; 119
  2429,0; 119
  2429,5; 118
  2430,0; 118
  2430,5; 116
  2431,0; 116
  2431,5; 114
  2432,0; 114
  2432,5; 113
  2433,0; 113
  2433,5; 113
  2434,0; 113
  2434,5; 114
  2435,0; 114
  2435,5; 116
  2436,0; 116
  2436,5; 117
  2437,0; 117
  2437,5; 117
  2438,0; 118
  2438,5; 118
  2439,0; 118
  2439,5; 118
  2440,0; 118
  2440,5; 118
  2441,0; 118
  2441,5; 117
  2442,0; 117
  2442,5; 116
  2443,0; 116
  2443,5; 115
  2444,0; 115
  2444,5; 115
  2445,0; 115
  2445,5; 116
  2446,0; 116
  2446,5; 116
  2447,0; 116
  2447,5; 117
  2448,0; 117
  2448,5; 118
  2449,0; 118
  2449,5; 118
  2450,0; 118
  2450,5; 118
  2451,0; 118
  2451,5; 117
  2452,0; 117
  2452,5; 118
  2453,0; 118
  2453,5; 120
  2454,0; 120
  2454,5; 121
  2455,0; 121
  2455,5; 124
  2456,0; 124
  2456,5; 124
  2457,0; 124
  2457,5; 124
  2458,0; 124
  2458,5; 123
  2459,0; 123
  2459,5; 122
  2460,0; 122
  2460,5; 121
  2461,0; 120
  2461,5; 120
  2462,0; 120
  2462,5; 120
  2463,0; 120
  2463,5; 119
  2464,0; 119
  2464,5; 119
  2465,0; 119
  2465,5; 121
  2466,0; 121
  2466,5; 122
  2467,0; 122
  2467,5; 123
  2468,0; 123
  2468,5; 121
  2469,0; 121
  2469,5; 120
  2470,0; 120
  2470,5; 120
  2471,0; 120
  2471,5; 120
  2472,0; 120
  2472,5; 119
  2473,0; 118
  2473,5; 118
  2474,0; 118
  2474,5; 118
  2475,0; 118
  2475,5; 119
  2476,0; 119
  2476,5; 119
  2477,0; 119
  2477,5; 117
  2478,0; 117
  2478,5; 116
  2479,0; 116
  2479,5; 116
  2480,0; 116
  2480,5; 117
  2481,0; 117
  2481,5; 117
  2482,0; 117
  2482,5; 116
  2483,0; 116
  2483,5; 116
  2484,0; 116
  2484,5; 115
  2485,0; 116
  2485,5; 116
  2486,0; 117
  2486,5; 117
  2487,0; 117
  2487,5; 117
  2488,0; 117
  2488,5; 117
  2489,0; 117
  2489,5; 117
  2490,0; 117
  2490,5; 116
  2491,0; 116
  2491,5; 117
  2492,0; 117
  2492,5; 118
  2493,0; 118
  2493,5; 118
  2494,0; 118
  2494,5; 116
  2495,0; 116
  2495,5; 115
  2496,0; 115
  2496,5; 116
  2497,0; 115
  2497,5; 115
  2498,0; 115
  2498,5; 115
  2499,0; 115
  2499,5; 116
  2500,0; 116
  2500,5; 115
  2501,0; 115
  2501,5; 114
  2502,0; 114
  2502,5; 113
  2503,0; 113
  2503,5; 111
  2504,0; 111
  2504,5; 110
  2505,0; 110
  2505,5; 109
  2506,0; 109
  2506,5; 109
  2507,0; 109
  2507,5; 109
  2508,0; 109
  2508,5; 109
  2509,0; 111
  2509,5; 111
  2510,0; 112
  2510,5; 112
  2511,0; 112
  2511,5; 112
  2512,0; 112
  2512,5; 112
  2513,0; 112
  2513,5; 118
  2514,0; 118
  2514,5; 118
  2515,0; 118
  2515,5; 117
  2516,0; 117
  2516,5; 116
  2517,0; 116
  2517,5; 116
  2518,0; 116
  2518,5; 115
  2519,0; 115
  2519,5; 116
  2520,0; 116
  2520,5; 116
  2521,0; 117
  2521,5; 117
  2522,0; 117
  2522,5; 117
  2523,0; 117
  2523,5; 118
  2524,0; 118
  2524,5; 120
  2525,0; 120
  2525,5; 120
  2526,0; 120
  2526,5; 123
  2527,0; 123
  2527,5; 127
  2528,0; 127
  2528,5; 127
  2529,0; 127
  2529,5; 126
  2530,0; 126
  2530,5; 125
  2531,0; 125
  2531,5; 125
  2532,0; 125
  2532,5; 125
  2533,0; 125
  2533,5; 124
  2534,0; 123
  2534,5; 123
  2535,0; 123
  2535,5; 124
  2536,0; 124
  2536,5; 124
  2537,0; 124
  2537,5; 123
  2538,0; 123
  2538,5; 121
  2539,0; 121
  2539,5; 120
  2540,0; 120
  2540,5; 119
  2541,0; 119
  2541,5; 118
  2542,0; 118
  2542,5; 117
  2543,0; 117
  2543,5; 118
  2544,0; 118
  2544,5; 118
  2545,0; 118
  2545,5; 119
  2546,0; 119
  2546,5; 119
  2547,0; 119
  2547,5; 119
  2548,0; 119
  2548,5; 119
  2549,0; 119
  2549,5; 119
  2550,0; 119
  2550,5; 119
  2551,0; 119
  2551,5; 118
  2552,0; 118
  2552,5; 118
  2553,0; 118
  2553,5; 119
  2554,0; 119
  2554,5; 119
  2555,0; 119
  2555,5; 123
  2556,0; 123
  2556,5; 128
  2557,0; 128
  2557,5; 128
  2558,0; 128
  2558,5; 128
  2559,0; 128
  2559,5; 128
  2560,0; 128
  2560,5; 128
  2561,0; 128
  2561,5; 128
  2562,0; 128
  2562,5; 126
  2563,0; 126
  2563,5; 122
  2564,0; 122
  2564,5; 120
  2565,0; 120
  2565,5; 117
  2566,0; 117
  2566,5; 117
  2567,0; 117
  2567,5; 116
  2568,0; 116
  2568,5; 117
  2569,0; 117
  2569,5; 118
  2570,0; 117
  2570,5; 117
  2571,0; 117
  2571,5; 115
  2572,0; 115
  2572,5; 114
  2573,0; 114
  2573,5; 113
  2574,0; 113
  2574,5; 113
  2575,0; 113
  2575,5; 113
  2576,0; 113
  2576,5; 114
  2577,0; 114
  2577,5; 115
  2578,0; 115
  2578,5; 115
  2579,0; 115
  2579,5; 116
  2580,0; 116
  2580,5; 115
  2581,0; 115
  2581,5; 116
  2582,0; 118
  2582,5; 118
  2583,0; 118
  2583,5; 118
  2584,0; 118
  2584,5; 119
  2585,0; 119
  2585,5; 119
  2586,0; 119
  2586,5; 119
  2587,0; 119
  2587,5; 119
  2588,0; 119
  2588,5; 119
  2589,0; 119
  2589,5; 120
  2590,0; 120
  2590,5; 123
  2591,0; 123
  2591,5; 124
  2592,0; 124
  2592,5; 124
  2593,0; 124
  2593,5; 124
  2594,0; 122
  2594,5; 122
  2595,0; 122
  2595,5; 118
  2596,0; 118
  2596,5; 115
  2597,0; 115
  2597,5; 113
  2598,0; 113
  2598,5; 112
  2599,0; 112
  2599,5; 112
  2600,0; 112
  2600,5; 113
  2601,0; 113
  2601,5; 113
  2602,0; 113
  2602,5; 114
  2603,0; 114
  2603,5; 114
  2604,0; 114
  2604,5; 115
  2605,0; 115
  2605,5; 115
  2606,0; 116
  2606,5; 116
  2607,0; 116
  2607,5; 117
  2608,0; 117
  2608,5; 118
  2609,0; 118
  2609,5; 121
  2610,0; 121
  2610,5; 122
  2611,0; 122
  2611,5; 124
  2612,0; 124
  2612,5; 123
  2613,0; 123
  2613,5; 123
  2614,0; 123
  2614,5; 121
  2615,0; 121
  2615,5; 117
  2616,0; 117
  2616,5; 116
  2617,0; 116
  2617,5; 115
  2618,0; 115
  2618,5; 115
  2619,0; 115
  2619,5; 114
  2620,0; 114
  2620,5; 115
  2621,0; 115
  2621,5; 115
  2622,0; 115
  2622,5; 115
  2623,0; 115
  2623,5; 115
  2624,0; 115
  2624,5; 115
  2625,0; 116
  2625,5; 116
  2626,0; 116
  2626,5; 116
  2627,0; 116
  2627,5; 116
  2628,0; 116
  2628,5; 116
  2629,0; 116
  2629,5; 116
  2630,0; 116
  2630,5; 116
  2631,0; 116
  2631,5; 115
  2632,0; 115
  2632,5; 115
  2633,0; 115
  2633,5; 113
  2634,0; 113
  2634,5; 113
  2635,0; 112
  2635,5; 113
  2636,0; 113
  2636,5; 114
  2637,0; 114
  2637,5; 116
  2638,0; 116
  2638,5; 118
  2639,0; 118
  2639,5; 119
  2640,0; 119
  2640,5; 120
  2641,0; 120
  2641,5; 121
  2642,0; 120
  2642,5; 120
  2643,0; 120
  2643,5; 121
  2644,0; 121
  2644,5; 122
  2645,0; 122
  2645,5; 123
  2646,0; 123
  2646,5; 124
  2647,0; 124
  2647,5; 125
  2648,0; 125
  2648,5; 126
  2649,0; 126
  2649,5; 127
  2650,0; 127
  2650,5; 127
  2651,0; 127
  2651,5; 128
  2652,0; 128
  2652,5; 127
  2653,0; 127
  2653,5; 127
  2654,0; 126
  2654,5; 126
  2655,0; 126
  2655,5; 126
  2656,0; 126
  2656,5; 127
  2657,0; 127
  2657,5; 128
  2658,0; 128
  2658,5; 127
  2659,0; 127
  2659,5; 127
  2660,0; 127
  2660,5; 126
  2661,0; 126
  2661,5; 126
  2662,0; 126
  2662,5; 125
  2663,0; 125
  2663,5; 125
  2664,0; 125
  2664,5; 124
  2665,0; 124
  2665,5; 123
  2666,0; 122
  2666,5; 122
  2667,0; 122
  2667,5; 120
  2668,0; 120
  2668,5; 119
  2669,0; 119
  2669,5; 118
  2670,0; 118
  2670,5; 117
  2671,0; 117
  2671,5; 117
  2672,0; 117
  2672,5; 118
  2673,0; 118
  2673,5; 119
  2674,0; 119
  2674,5; 120
  2675,0; 120
  2675,5; 119
  2676,0; 119
  2676,5; 118
  2677,0; 118
  2677,5; 116
  2678,0; 116
  2678,5; 116
  2679,0; 116
  2679,5; 116
  2680,0; 116
  2680,5; 118
  2681,0; 118
  2681,5; 119
  2682,0; 119
  2682,5; 119
  2683,0; 119
  2683,5; 120
  2684,0; 120
  2684,5; 121
  2685,0; 121
  2685,5; 123
  2686,0; 123
  2686,5; 122
  2687,0; 122
  2687,5; 122
  2688,0; 122
  2688,5; 118
  2689,0; 118
  2689,5; 116
  2690,0; 115
  2690,5; 115
  2691,0; 115
  2691,5; 115
  2692,0; 115
  2692,5; 115
  2693,0; 115
